Unnamed: 0,player_name,team_abbreviation,age,player_height,player_weight,college,country,draft_year,draft_round,draft_number,gp,pts,reb,ast,net_rating,oreb_pct,dreb_pct,usg_pct,ts_pct,ast_pct,season
72,Jason Kidd,PHX,24.0,193.04,94.347136,California,USA,1994,1,2,55,10.9,4.5,9.0,2.4,0.039,0.106,0.17,0.498,0.37,1996-97
176,Damon Stoudamire,TOR,23.0,177.8,77.56423199999999,Arizona,USA,1995,1,7,81,20.2,4.1,8.8,-3.7,0.0289999999999999,0.09,0.253,0.516,0.38,1996-97
269,Robert Pack,DAL,28.0,187.96,86.18248,Southern California,USA,Undrafted,Undrafted,Undrafted,54,14.3,2.7,8.4,-8.3,0.016,0.078,0.244,0.482,0.435,1996-97
272,Rod Strickland,WAS,30.0,190.5,83.91452,DePaul,USA,1988,1,19,82,17.2,4.1,8.9,1.7,0.038,0.093,0.237,0.5329999999999999,0.366,1996-97
321,Tim Hardaway,MIA,30.0,182.88,88.45044,Texas-El Paso,USA,1989,1,14,81,20.3,3.4,8.6,8.9,0.018,0.083,0.264,0.532,0.4039999999999999,1996-97
338,Kevin Johnson,PHX,31.0,185.42,86.18248,California,USA,1987,1,7,70,20.1,3.6,9.3,2.9,0.024,0.085,0.226,0.631,0.3879999999999999,1996-97
375,John Stockton,UTA,35.0,185.42,79.3786,Gonzaga,USA,1984,1,16,82,14.4,2.8,10.5,11.4,0.021,0.075,0.186,0.6559999999999999,0.45,1996-97
404,Nick Van Exel,LAL,25.0,185.42,83.007336,Cincinnati,USA,1993,2,37,79,15.3,2.9,8.5,3.8,0.017,0.071,0.209,0.518,0.358,1996-97
430,Mark Jackson,IND,32.0,190.5,83.91452,St. John's (NY),USA,1987,1,18,82,9.9,4.8,11.4,-2.0,0.035,0.1159999999999999,0.155,0.525,0.4639999999999999,1996-97
454,Mark Jackson,IND,33.0,190.5,83.91452,St. John's (NY),USA,1987,1,18,82,8.3,3.9,8.7,10.2,0.035,0.1159999999999999,0.166,0.501,0.4429999999999999,1997-98
507,John Stockton,UTA,36.0,185.42,79.3786,Gonzaga,USA,1984,1,16,64,12.0,2.6,8.5,13.4,0.026,0.084,0.1939999999999999,0.628,0.447,1997-98
618,Rod Strickland,WAS,31.0,190.5,83.91452,DePaul,USA,1988,1,19,76,17.8,5.3,10.5,1.3,0.04,0.115,0.235,0.501,0.417,1997-98
638,Stephon Marbury,MIN,21.0,187.96,81.64656,Georgia Tech,USA,1996,1,4,82,17.7,2.8,8.6,0.9,0.021,0.062,0.241,0.505,0.359,1997-98
852,Jason Kidd,PHX,25.0,193.04,96.161504,California,USA,1994,1,2,82,11.6,6.2,9.1,5.1,0.0409999999999999,0.149,0.176,0.502,0.356,1997-98
1040,Terrell Brandon,MIN,29.0,180.34,78.471416,Oregon,USA,1991,1,11,36,13.9,3.7,8.6,1.3,0.024,0.109,0.2289999999999999,0.4629999999999999,0.411,1998-99
1047,Stephon Marbury,NJN,22.0,187.96,81.64656,Georgia Tech,USA,1996,1,4,49,21.3,2.9,8.9,2.4,0.02,0.067,0.271,0.519,0.411,1998-99
1132,Rod Strickland,WAS,32.0,190.5,83.91452,DePaul,USA,1988,1,19,44,15.7,4.8,9.9,-1.5,0.039,0.1119999999999999,0.236,0.488,0.4379999999999999,1998-99
1207,Gary Payton,SEA,30.0,193.04,81.64656,Oregon State,USA,1990,1,2,50,21.7,4.9,8.7,-0.1,0.035,0.108,0.2689999999999999,0.519,0.3979999999999999,1998-99
1311,Jason Kidd,PHX,26.0,193.04,96.161504,California,USA,1994,1,2,50,16.9,6.8,10.8,6.5,0.048,0.146,0.213,0.527,0.431,1998-99
1380,Jason Kidd,PHX,27.0,193.04,96.161504,California,USA,1994,1,2,67,14.3,7.2,10.1,5.8,0.0409999999999999,0.1639999999999999,0.1989999999999999,0.498,0.395,1999-00
1402,Gary Payton,SEA,31.0,193.04,81.64656,Oregon State,USA,1990,1,2,82,24.2,6.5,8.9,2.9,0.032,0.139,0.268,0.535,0.368,1999-00
1562,Stephon Marbury,NJN,23.0,187.96,81.64656,Georgia Tech,USA,1996,1,4,74,22.2,3.2,8.4,0.0,0.022,0.071,0.2769999999999999,0.528,0.38,1999-00
1565,Sam Cassell,MIL,30.0,190.5,83.91452,Florida State,USA,1993,1,24,81,18.6,3.7,9.0,2.4,0.0279999999999999,0.091,0.247,0.551,0.3989999999999999,1999-00
1622,Terrell Brandon,MIN,30.0,180.34,78.471416,Oregon,USA,1991,1,11,71,17.1,3.4,8.9,6.9,0.02,0.088,0.2289999999999999,0.535,0.375,1999-00
1677,John Stockton,UTA,38.0,185.42,79.3786,Gonzaga,USA,1984,1,16,82,12.1,2.6,8.6,10.0,0.024,0.084,0.192,0.591,0.456,1999-00
1706,Nick Van Exel,DEN,28.0,185.42,86.18248,Cincinnati,USA,1993,2,37,79,16.1,3.9,9.0,-0.9,0.012,0.103,0.2269999999999999,0.483,0.38,1999-00
2015,Mike Bibby,VAN,23.0,185.42,86.18248,Arizona,USA,1998,1,2,82,15.9,3.7,8.4,-6.8,0.017,0.091,0.211,0.525,0.376,2000-01
2051,Jason Kidd,PHX,28.0,193.04,96.161504,California,USA,1994,1,2,77,16.9,6.4,9.8,2.0,0.033,0.151,0.2269999999999999,0.51,0.419,2000-01
2062,John Stockton,UTA,39.0,185.42,79.3786,Gonzaga,USA,1984,1,16,82,11.5,2.8,8.7,11.4,0.0289999999999999,0.087,0.186,0.61,0.452,2000-01
2166,Nick Van Exel,DEN,29.0,185.42,86.18248,Cincinnati,USA,1993,2,37,71,17.7,3.4,8.5,-0.4,0.018,0.08,0.2339999999999999,0.515,0.3829999999999999,2000-01
2483,Andre Miller,CLE,26.0,187.96,90.7184,Utah,USA,1999,1,8,81,16.5,4.7,10.9,-1.1,0.043,0.104,0.2269999999999999,0.5379999999999999,0.484,2001-02
2519,Baron Davis,CHH,23.0,190.5,101.151016,UCLA,USA,1999,1,3,82,18.1,4.3,8.5,2.4,0.032,0.089,0.237,0.498,0.364,2001-02
2572,Jason Kidd,NJN,29.0,193.04,96.161504,California,USA,1994,1,2,82,14.7,7.3,9.9,5.7,0.047,0.1689999999999999,0.221,0.484,0.407,2001-02
2617,Gary Payton,SEA,33.0,193.04,81.64656,Oregon State,USA,1990,1,2,82,22.1,4.8,9.0,3.2,0.0289999999999999,0.11,0.271,0.526,0.391,2001-02
2786,Jason Kidd,NJN,30.0,193.04,96.161504,California,USA,1994,1,2,80,18.7,6.3,8.9,7.6,0.042,0.148,0.255,0.526,0.407,2002-03
3201,Steve Nash,DAL,30.0,190.5,88.45044,Santa Clara,Canada,1996,1,15,78,14.5,3.0,8.8,4.7,0.024,0.073,0.193,0.59,0.37,2003-04
3231,Stephon Marbury,NYK,27.0,187.96,92.98636,Georgia Tech,USA,1996,1,4,81,20.2,3.2,8.9,-0.9,0.02,0.072,0.255,0.519,0.385,2003-04
3400,Jason Kidd,NJN,31.0,193.04,96.161504,California,USA,1994,1,2,67,15.5,6.4,9.2,7.8,0.04,0.1639999999999999,0.24,0.485,0.422,2003-04
3577,Steve Nash,PHX,31.0,190.5,88.45044,Santa Clara,Canada,1996,1,15,75,15.5,3.3,11.5,13.3,0.025,0.078,0.205,0.606,0.46,2004-05
3682,Brevin Knight,CHA,29.0,177.8,77.11064,Stanford,USA,1997,1,16,66,10.1,2.6,9.0,-5.7,0.012,0.092,0.184,0.495,0.462,2004-05
4032,Jason Kidd,NJN,33.0,193.04,95.25432,California,USA,1994,1,2,80,13.3,7.3,8.4,4.3,0.033,0.196,0.188,0.526,0.369,2005-06
4098,Baron Davis,GSW,27.0,190.5,97.52228,UCLA,USA,1999,1,3,54,17.9,4.4,8.9,0.9,0.025,0.11,0.261,0.489,0.412,2005-06
4173,Brevin Knight,CHA,30.0,177.8,77.11064,Stanford,USA,1997,1,16,69,12.6,3.2,8.8,-5.3,0.016,0.099,0.2019999999999999,0.478,0.412,2005-06
4193,Chauncey Billups,DET,29.0,190.5,91.625584,Colorado,USA,1997,1,3,81,18.5,3.1,8.6,10.5,0.016,0.088,0.231,0.602,0.392,2005-06
4295,Steve Nash,PHX,32.0,190.5,88.45044,Santa Clara,Canada,1996,1,15,79,18.8,4.2,10.5,8.8,0.02,0.1119999999999999,0.233,0.632,0.435,2005-06
4471,Jason Kidd,NJN,34.0,193.04,95.25432,California,USA,1994,1,2,80,13.0,8.2,9.2,1.8,0.054,0.208,0.192,0.516,0.405,2006-07
4553,Deron Williams,UTA,23.0,190.5,92.98636,Illinois,USA,2005,1,3,80,16.2,3.3,9.3,1.6,0.017,0.091,0.222,0.535,0.4039999999999999,2006-07
4736,Chris Paul,NOK,22.0,182.88,79.3786,Wake Forest,USA,2005,1,4,64,17.3,4.4,8.9,-1.6,0.026,0.1169999999999999,0.2269999999999999,0.537,0.397,2006-07
4772,Steve Nash,PHX,33.0,190.5,88.45044,Santa Clara,Canada,1996,1,15,76,18.6,3.5,11.6,11.5,0.0139999999999999,0.096,0.228,0.654,0.4679999999999999,2006-07
4906,Deron Williams,UTA,24.0,190.5,92.98636,Illinois,USA,2005,1,3,82,18.8,3.0,10.5,7.3,0.0139999999999999,0.0819999999999999,0.2319999999999999,0.595,0.427,2007-08
4941,Jamaal Tinsley,IND,30.0,190.5,83.91452,Iowa State,USA,2001,1,27,39,11.9,3.6,8.4,0.4,0.02,0.1,0.21,0.4579999999999999,0.368,2007-08
4957,Jason Kidd,DAL,35.0,193.04,95.25432,California,USA,1994,1,2,80,10.8,7.5,10.1,-0.2,0.037,0.196,0.175,0.499,0.424,2007-08
5049,Chris Paul,NOH,23.0,182.88,79.3786,Wake Forest,USA,2005,1,4,80,21.1,4.0,11.6,7.9,0.024,0.103,0.254,0.5760000000000001,0.5,2007-08
5322,Steve Nash,PHX,34.0,190.5,80.73937600000001,Santa Clara,Canada,1996,1,15,81,16.9,3.5,11.1,10.3,0.013,0.096,0.218,0.6409999999999999,0.447,2007-08
5415,Gilbert Arenas,WAS,27.0,193.04,97.52228,Arizona,USA,2001,2,30,2,13.0,4.5,10.0,-2.0,0.019,0.133,0.235,0.433,0.465,2008-09
5425,Steve Nash,PHX,35.0,190.5,80.73937600000001,Santa Clara,Canada,1996,1,15,74,15.7,3.0,9.7,5.2,0.01,0.089,0.211,0.615,0.4029999999999999,2008-09
5562,Jose Calderon,TOR,27.0,190.5,95.25432,None,Spain,Undrafted,Undrafted,Undrafted,68,12.8,2.9,8.9,-2.6,0.008,0.089,0.1689999999999999,0.613,0.4029999999999999,2008-09
5579,Jason Kidd,DAL,36.0,193.04,95.25432,California,USA,1994,1,2,81,9.0,6.2,8.7,5.4,0.034,0.162,0.134,0.55,0.336,2008-09
5673,Chris Paul,NOH,24.0,182.88,79.3786,Wake Forest,USA,2005,1,4,78,22.8,5.5,11.0,6.5,0.0279999999999999,0.143,0.273,0.599,0.512,2008-09
5709,Deron Williams,UTA,25.0,190.5,93.893544,Illinois,USA,2005,1,3,68,19.4,2.9,10.7,3.0,0.011,0.081,0.247,0.573,0.457,2008-09
5790,Rajon Rondo,BOS,24.0,185.42,77.56423199999999,Kentucky,USA,2006,1,21,81,13.7,4.4,9.8,4.8,0.043,0.103,0.2,0.54,0.425,2009-10
5922,Steve Nash,PHX,36.0,190.5,80.73937600000001,Santa Clara,Canada,1996,1,15,81,16.5,3.3,11.0,7.1,0.016,0.091,0.228,0.615,0.483,2009-10
5956,Chris Paul,NOH,25.0,182.88,79.3786,Wake Forest,USA,2005,1,4,45,18.7,4.2,10.7,1.0,0.013,0.118,0.226,0.584,0.456,2009-10
5997,Deron Williams,UTA,26.0,190.5,93.893544,Illinois,USA,2005,1,3,76,18.7,4.0,10.5,7.3,0.022,0.103,0.239,0.574,0.429,2009-10
6139,LeBron James,CLE,25.0,203.2,113.398,None,USA,2003,1,1,76,29.7,7.3,8.6,10.8,0.03,0.185,0.3329999999999999,0.604,0.3979999999999999,2009-10
6218,Jason Kidd,DAL,37.0,193.04,95.25432,California,USA,1994,1,2,80,10.3,5.6,9.1,6.0,0.019,0.154,0.145,0.5770000000000001,0.361,2009-10
6234,Chris Paul,NOH,26.0,182.88,79.3786,Wake Forest,USA,2005,1,4,80,15.9,4.1,9.8,5.2,0.016,0.125,0.21,0.578,0.441,2010-11
6332,Deron Williams,NJN,27.0,190.5,94.800728,Illinois,USA,2005,1,3,65,20.1,4.0,10.3,-2.7,0.019,0.107,0.257,0.5660000000000001,0.4479999999999999,2010-11
6357,Steve Nash,PHX,37.0,190.5,80.73937600000001,Santa Clara,Canada,1996,1,15,75,14.7,3.5,11.4,4.5,0.019,0.099,0.212,0.601,0.498,2010-11
6509,Jose Calderon,TOR,29.0,190.5,95.25432,None,Spain,Undrafted,Undrafted,Undrafted,68,9.8,3.0,8.9,-5.3,0.016,0.1,0.1669999999999999,0.522,0.412,2010-11
6609,Rajon Rondo,BOS,25.0,185.42,77.56423199999999,Kentucky,USA,2006,1,21,68,10.6,4.4,11.2,8.9,0.045,0.096,0.181,0.495,0.4479999999999999,2010-11
6739,Chris Paul,LAC,27.0,182.88,79.3786,Wake Forest,USA,2005,1,4,60,19.8,3.6,9.1,6.6,0.023,0.096,0.242,0.581,0.413,2011-12
6837,Deron Williams,NJN,28.0,190.5,94.800728,Illinois,USA,2005,1,3,55,21.0,3.3,8.7,-6.2,0.013,0.096,0.299,0.527,0.4579999999999999,2011-12
6896,Rajon Rondo,BOS,26.0,185.42,84.368112,Kentucky,USA,2006,1,21,53,11.9,4.8,11.7,5.2,0.039,0.111,0.203,0.483,0.498,2011-12
7002,Steve Nash,PHX,38.0,190.5,80.73937600000001,Santa Clara,Canada,1996,1,15,62,12.5,3.0,10.7,3.8,0.016,0.088,0.1939999999999999,0.625,0.491,2011-12
7038,Jose Calderon,TOR,30.0,190.5,95.707912,None,Spain,Undrafted,Undrafted,Undrafted,53,10.5,3.0,8.8,-3.5,0.012,0.092,0.161,0.547,0.427,2011-12
7191,Rajon Rondo,BOS,27.0,185.42,84.368112,Kentucky,USA,2006,1,21,38,13.7,5.6,11.1,-1.3,0.036,0.139,0.215,0.516,0.49,2012-13
7603,Chris Paul,LAC,28.0,182.88,79.3786,Wake Forest,USA,2005,1,4,70,16.9,3.7,9.7,8.7,0.0279999999999999,0.109,0.225,0.594,0.4429999999999999,2012-13
7611,Greivis Vasquez,NOH,26.0,198.12,95.707912,Maryland,Venezuela,2010,1,28,78,13.9,4.3,9.0,-4.3,0.019,0.132,0.2289999999999999,0.502,0.432,2012-13
7677,Rajon Rondo,BOS,28.0,185.42,84.368112,Kentucky,USA,2006,1,21,30,11.7,5.5,9.8,-10.7,0.023,0.184,0.209,0.461,0.48,2013-14
7728,Chris Paul,LAC,29.0,182.88,79.3786,Wake Forest,USA,2005,1,4,62,19.1,4.3,10.7,11.6,0.02,0.114,0.2339999999999999,0.58,0.4589999999999999,2013-14
7735,Ricky Rubio,MIN,23.0,193.04,83.91452,None,Spain,2009,1,5,82,9.5,4.2,8.6,5.3,0.025,0.122,0.162,0.491,0.362,2013-14
7750,Ty Lawson,DEN,26.0,180.34,88.45044,North Carolina,USA,2009,1,18,62,17.6,3.5,8.8,-1.6,0.02,0.085,0.225,0.5539999999999999,0.369,2013-14
7838,Stephen Curry,GSW,26.0,190.5,83.91452,Davidson,USA,2009,1,7,78,24.0,4.3,8.5,9.4,0.018,0.108,0.281,0.61,0.372,2013-14
7923,Kendall Marshall,LAL,22.0,193.04,88.45044,North Carolina,USA,2012,1,13,54,8.0,2.9,8.8,-5.7,0.011,0.093,0.163,0.494,0.426,2013-14
7960,John Wall,WAS,23.0,193.04,88.45044,Kentucky,USA,2010,1,1,82,19.3,4.1,8.8,2.9,0.0139999999999999,0.114,0.271,0.524,0.392,2013-14
8128,John Wall,WAS,24.0,193.04,88.45044,Kentucky,USA,2010,1,1,79,17.6,4.6,10.0,5.3,0.0139999999999999,0.127,0.257,0.523,0.446,2014-15
8312,Russell Westbrook,OKC,26.0,190.5,90.7184,UCLA,USA,2008,1,4,67,28.1,7.3,8.6,4.1,0.059,0.1669999999999999,0.372,0.536,0.43,2014-15
8367,Ty Lawson,DEN,27.0,180.34,88.45044,North Carolina,USA,2009,1,18,75,15.2,3.1,9.6,-1.7,0.017,0.081,0.203,0.526,0.408,2014-15
8433,Ricky Rubio,MIN,24.0,193.04,87.089664,None,Spain,2009,1,5,22,10.3,5.7,8.8,-1.6,0.0289999999999999,0.1669999999999999,0.196,0.452,0.422,2014-15
8569,Chris Paul,LAC,30.0,182.88,79.3786,Wake Forest,USA,2005,1,4,82,19.1,4.6,10.2,12.2,0.021,0.124,0.2339999999999999,0.596,0.441,2014-15
8787,Rajon Rondo,SAC,30.0,185.42,84.368112,Kentucky,USA,2006,1,21,72,11.9,6.0,11.7,-3.4,0.033,0.15,0.187,0.506,0.473,2015-16
8819,Ricky Rubio,MIN,25.0,193.04,87.996848,None,Spain,2009,1,5,76,10.1,4.3,8.7,1.1,0.02,0.139,0.176,0.529,0.402,2015-16
8822,Russell Westbrook,OKC,27.0,190.5,90.7184,UCLA,USA,2008,1,4,80,23.5,7.8,10.4,10.8,0.061,0.178,0.313,0.5539999999999999,0.4679999999999999,2015-16
8995,John Wall,WAS,25.0,193.04,88.45044,Kentucky,USA,2010,1,1,77,19.9,4.9,10.2,0.7,0.017,0.138,0.284,0.51,0.449,2015-16
9028,Chris Paul,LAC,31.0,182.88,79.3786,Wake Forest,USA,2005,1,4,74,19.5,4.2,10.0,11.9,0.018,0.119,0.2689999999999999,0.575,0.493,2015-16
9143,Russell Westbrook,OKC,28.0,190.5,90.7184,UCLA,USA,2008,1,4,81,31.6,10.7,10.4,3.3,0.053,0.2789999999999999,0.408,0.5539999999999999,0.5429999999999999,2016-17
9155,Ricky Rubio,MIN,26.0,193.04,86.18248,None,Spain,2009,1,5,75,11.1,4.1,9.1,-1.0,0.032,0.1119999999999999,0.174,0.539,0.385,2016-17
9243,LeBron James,CLE,32.0,203.2,113.398,None,USA,2003,1,1,74,26.4,8.6,8.7,7.7,0.04,0.209,0.297,0.619,0.3879999999999999,2016-17
9339,Chris Paul,LAC,32.0,182.88,79.3786,Wake Forest,USA,2005,1,4,61,18.1,5.0,9.2,14.9,0.025,0.149,0.243,0.614,0.444,2016-17
9465,James Harden,HOU,27.0,195.58,99.79024,Arizona State,USA,2009,1,3,81,29.1,8.1,11.2,6.3,0.035,0.212,0.341,0.613,0.505,2016-17
9489,John Wall,WAS,26.0,193.04,95.25432,Kentucky,USA,2010,1,1,78,23.1,4.2,10.7,3.9,0.023,0.105,0.302,0.541,0.45,2016-17
9706,James Harden,HOU,28.0,195.58,99.79024,Arizona State,USA,2009,1,3,72,30.4,5.4,8.8,10.0,0.017,0.1369999999999999,0.353,0.619,0.449,2017-18
9734,John Wall,WAS,27.0,193.04,95.25432,Kentucky,USA,2010,1,1,41,19.4,3.7,9.6,3.8,0.016,0.088,0.281,0.515,0.425,2017-18
10005,LeBron James,CLE,33.0,203.2,113.398,None,USA,2003,1,1,82,27.5,8.6,9.1,1.6,0.033,0.201,0.31,0.621,0.432,2017-18
10084,Russell Westbrook,OKC,29.0,190.5,90.7184,UCLA,USA,2008,1,4,80,25.4,10.1,10.3,6.6,0.048,0.226,0.326,0.524,0.4639999999999999,2017-18
10161,Russell Westbrook,OKC,30.0,190.5,90.7184,UCLA,USA,2008,1,4,73,22.9,11.1,10.7,5.0,0.036,0.255,0.301,0.501,0.44,2018-19
10481,Kyle Lowry,TOR,33.0,185.42,88.904032,Villanova,USA,2006,1,24,65,14.2,4.8,8.7,10.7,0.019,0.114,0.191,0.562,0.3289999999999999,2018-19
10610,John Wall,WAS,28.0,193.04,95.25432,Kentucky,USA,2010,1,1,32,20.7,3.6,8.7,-6.2,0.013,0.087,0.286,0.527,0.391,2018-19
10694,Luka Doncic,DAL,21.0,200.66,104.32616,None,Slovenia,2018,1,3,61,28.8,9.4,8.8,5.3,0.036,0.2239999999999999,0.355,0.585,0.4539999999999999,2019-20
10734,LeBron James,LAL,35.0,205.74,113.398,None,USA,2003,1,1,67,25.3,7.8,10.2,8.5,0.0279999999999999,0.191,0.308,0.5770000000000001,0.477,2019-20
10772,Trae Young,ATL,21.0,185.42,81.64656,Oklahoma,USA,2018,1,5,60,29.6,4.3,9.3,-4.9,0.0139999999999999,0.1,0.3389999999999999,0.595,0.423,2019-20
10834,Ricky Rubio,PHX,29.0,190.5,86.18248,None,Spain,2009,1,5,65,13.0,4.7,8.8,4.0,0.023,0.128,0.1989999999999999,0.535,0.377,2019-20
11170,Luka Doncic,DAL,22.0,200.66,104.32616,None,Slovenia,2018,1,3,66,27.7,8.0,8.6,3.9,0.024,0.2019999999999999,0.35,0.5870000000000001,0.425,2020-21
11327,Trae Young,ATL,22.0,185.42,81.64656,Oklahoma,USA,2018,1,5,63,25.3,3.9,9.4,5.2,0.018,0.094,0.32,0.589,0.426,2020-21
11433,Russell Westbrook,WAS,32.0,190.5,90.7184,UCLA,USA,2008,1,4,65,22.2,11.5,11.7,-1.2,0.043,0.249,0.295,0.509,0.477,2020-21
11473,Chris Paul,PHX,36.0,182.88,79.3786,Wake Forest,USA,2005,1,4,70,16.4,4.5,8.9,6.5,0.012,0.131,0.221,0.599,0.405,2020-21
11550,James Harden,BKN,31.0,195.58,99.79024,Arizona State,USA,2009,1,3,44,24.6,7.9,10.8,2.9,0.023,0.191,0.283,0.618,0.442,2020-21
11691,Draymond Green,GSW,31.0,198.12,104.32616,Michigan State,USA,2012,2,35,63,7.0,7.1,8.9,5.4,0.0279999999999999,0.184,0.128,0.53,0.345,2020-21
11833,James Harden,PHI,32.0,195.58,99.79024,Arizona State,USA,2009,1,3,65,22.0,7.7,10.3,3.5,0.024,0.176,0.266,0.583,0.401,2021-22
11937,Darius Garland,CLE,22.0,185.42,87.089664,Vanderbilt,USA,2019,1,5,68,21.7,3.3,8.6,6.6,0.017,0.074,0.272,0.5760000000000001,0.3779999999999999,2021-22
11955,Dejounte Murray,SAS,25.0,193.04,81.64656,Washington,USA,2016,1,29,68,21.1,8.3,9.2,1.9,0.031,0.196,0.268,0.5329999999999999,0.3879999999999999,2021-22
11967,Chris Paul,PHX,37.0,182.88,79.3786,Wake Forest,USA,2005,1,4,65,14.7,4.4,10.8,10.0,0.011,0.113,0.1969999999999999,0.581,0.434,2021-22
12085,Trae Young,ATL,23.0,185.42,74.389088,Oklahoma,USA,2018,1,5,76,28.4,3.7,9.7,2.3,0.019,0.087,0.3329999999999999,0.603,0.442,2021-22
12280,Luka Doncic,DAL,23.0,200.66,104.32616,None,Slovenia,2018,1,3,65,28.4,9.1,8.7,3.5,0.025,0.23,0.368,0.5710000000000001,0.4579999999999999,2021-22
163,Bruce Bowen,MIA,26.0,200.66,90.7184,Cal State-Fullerton,USA,Undrafted,Undrafted,Undrafted,1,0.0,0.0,0.0,300.0,0.0,0.0,0.0,0.0,0.0,1996-97
585,William Cunningham,PHI,24.0,210.82,113.398,Temple,USA,Undrafted,Undrafted,Undrafted,7,1.1,1.4,0.1,27.4,0.138,0.14,0.1119999999999999,0.444,0.042,1997-98
895,Carlos Rogers,POR,28.0,210.82,99.79024,Tennessee State,USA,1994,1,11,2,2.5,0.5,0.5,24.9,0.0,0.091,0.2289999999999999,0.665,0.2,1998-99
1008,Tyson Wheeler,DEN,23.0,177.8,74.84268,Rhode Island,USA,1998,2,47,1,4.0,0.0,2.0,62.2,0.0,0.0,0.32,1.064,0.667,1998-99
1025,Andrew Gaze,SAS,33.0,200.66,92.98636,Seton Hall,USA,Undrafted,Undrafted,Undrafted,19,1.1,0.3,0.3,27.4,0.038,0.048,0.206,0.42,0.182,1998-99
1032,Anthony Parker,PHI,24.0,198.12,97.52228,Bradley,USA,1997,1,21,2,1.0,0.0,0.0,38.3,0.0,0.0,0.177,1.0,0.0,1998-99
1048,Stanley Roberts,HOU,29.0,213.36,131.54168,Louisiana State,USA,1991,1,23,6,2.3,1.8,0.0,26.5,0.1669999999999999,0.212,0.304,0.424,0.0,1998-99
1086,Mikki Moore,DET,23.0,213.36,104.32616,Nebraska,USA,Undrafted,Undrafted,Undrafted,2,2.0,0.5,0.0,89.7,0.0,0.1669999999999999,0.158,1.064,0.0,1998-99
1101,Korleone Young,DET,20.0,200.66,96.615096,None,USA,1998,2,40,3,4.3,1.3,0.3,26.9,0.143,0.154,0.341,0.597,0.125,1998-99
1143,Sam Jacobson,LAL,23.0,193.04,97.52228,Minnesota,USA,1998,1,26,2,4.0,1.5,0.0,26.0,0.0,0.214,0.24,0.68,0.0,1998-99
1206,Gary Grant,POR,34.0,190.5,83.91452,Michigan,USA,1988,1,15,2,0.0,0.0,1.5,66.6,0.0,0.0,0.073,0.0,0.5,1998-99
1248,Duane Ferrell,GSW,34.0,200.66,97.52228,Georgia Tech,USA,Undrafted,Undrafted,Undrafted,8,0.6,0.8,0.0,21.3,0.102,0.024,0.149,0.159,0.0,1998-99
1308,Jamie Watson,MIA,27.0,200.66,86.18248,South Carolina,USA,1994,2,47,3,0.7,0.3,0.3,32.6,0.0,0.045,0.09,0.5,0.111,1998-99
1373,Fred Vinson,SEA,29.0,193.04,86.18248,Georgia Tech,USA,Undrafted,Undrafted,Undrafted,8,1.6,0.1,0.0,22.6,0.0,0.021,0.2289999999999999,0.364,0.0,1999-00
1395,Joe Kleine,POR,38.0,210.82,115.66596,Arkansas,USA,1985,1,6,7,1.6,0.9,0.3,23.7,0.0,0.1669999999999999,0.214,0.446,0.1,1999-00
1440,Benoit Benjamin,CLE,35.0,213.36,113.398,Creighton,USA,1985,1,3,3,0.7,0.3,0.0,46.4,0.0,0.1,0.1889999999999999,0.3329999999999999,0.0,1999-00
1630,Tim James,MIA,23.0,200.66,96.161504,Miami (FL),USA,1999,1,25,4,2.8,1.0,0.5,38.9,0.13,0.042,0.319,0.359,0.143,1999-00
1670,Mario Bennett,LAC,26.0,198.12,106.59412,Arizona State,USA,1995,1,27,1,0.0,2.0,0.0,32.7,0.143,0.25,0.276,0.0,0.0,1999-00
1697,Kevin Johnson,PHX,34.0,185.42,86.18248,California,USA,1987,1,7,6,6.7,2.7,4.0,21.3,0.0,0.131,0.16,0.644,0.324,1999-00
1723,Randell Jackson,DAL,24.0,210.82,97.52228,Florida State,USA,1999,Undrafted,Undrafted,1,0.0,0.0,0.0,60.4,0.0,0.0,0.0,0.0,0.0,1999-00
1801,David Wingate,SEA,37.0,195.58,84.821704,Georgetown,USA,1986,2,44,1,6.0,0.0,2.0,70.6,0.0,0.0,0.14,1.0,0.286,2000-01
2130,Tom Hammonds,MIN,34.0,205.74,97.52228,Georgia Tech,USA,1989,1,9,7,1.0,0.6,0.1,22.5,0.071,0.08,0.198,0.322,0.04,2000-01
2505,Brian Cardinal,DET,25.0,203.2,111.13004,Purdue,USA,2000,2,44,8,2.1,0.8,0.3,24.5,0.053,0.118,0.154,0.612,0.069,2001-02
2698,Chris Owens,MEM,24.0,200.66,111.13004,Texas,USA,2002,2,47,1,4.0,1.0,0.0,39.1,0.3329999999999999,0.0,0.288,0.667,0.0,2002-03
2702,Brian Cardinal,WAS,26.0,203.2,111.13004,Purdue,USA,2000,2,44,5,0.8,1.0,0.2,41.9,0.3,0.118,0.172,0.41,0.1,2002-03
2901,Ruben Boumtje-Boumtje,POR,25.0,213.36,116.573144,Georgetown,USA,2001,2,49,2,0.0,0.5,0.5,27.3,0.25,0.0,0.104,0.0,0.3329999999999999,2002-03
3028,Paul Shirley,ATL,25.0,208.28,104.32616,Iowa State,USA,Undrafted,Undrafted,Undrafted,2,0.0,0.5,0.0,66.5,0.0,0.143,0.252,0.0,0.0,2002-03
3136,Keon Clark,UTA,29.0,210.82,100.243832,Nevada-Las Vegas,USA,1998,1,13,2,2.0,3.5,0.5,24.6,0.038,0.222,0.102,0.3329999999999999,0.063,2003-04
3140,Kendrick Perkins,BOS,19.0,208.28,127.00576,None,USA,2003,1,27,10,2.2,1.4,0.3,21.3,0.156,0.29,0.281,0.58,0.115,2003-04
3274,Sean Lampley,GSW,24.0,198.12,96.615096,California,USA,2001,2,44,10,3.4,1.1,0.2,21.8,0.045,0.148,0.213,0.672,0.043,2003-04
3283,Ryan Humphrey,MEM,24.0,203.2,106.59412,Notre Dame,USA,2002,1,19,2,1.0,1.5,0.5,94.8,0.286,0.111,0.226,0.25,0.083,2003-04
3446,Jerome Beasley,MIA,24.0,205.74,107.501304,North Dakota,USA,2003,2,33,2,1.0,0.5,0.0,40.4,0.0,0.143,0.2789999999999999,0.3329999999999999,0.0,2003-04
3550,Donnell Harvey,NJN,24.0,203.2,99.79024,Florida,USA,2000,1,22,3,2.7,2.3,0.3,21.4,0.2,0.455,0.149,1.064,0.125,2004-05
3775,Linton Johnson,SAS,25.0,203.2,102.0582,Tulane,USA,Undrafted,Undrafted,Undrafted,2,0.0,1.5,0.0,22.8,0.0,0.214,0.084,0.0,0.0,2004-05
3941,Maurice Baker,POR,25.0,187.96,90.7184,Oklahoma State,USA,Undrafted,Undrafted,Undrafted,5,0.0,0.4,0.2,27.3,0.063,0.0559999999999999,0.05,0.0,0.077,2004-05
4180,Bryon Russell,DEN,35.0,200.66,102.0582,Long Beach State,USA,1993,2,45,1,0.0,1.0,1.0,60.0,0.0,0.5,0.0,0.0,0.3329999999999999,2005-06
4257,Slava Medvedenko,LAL,27.0,208.28,113.398,None,Ukraine,Undrafted,Undrafted,Undrafted,2,1.0,0.0,0.5,88.5,0.0,0.0,0.122,0.5,0.125,2005-06
4411,Martynas Andriuskevicius,CLE,20.0,218.44,108.86208,None,Lithuania,2005,2,44,6,0.0,0.7,0.0,37.1,0.125,0.375,0.042,0.0,0.0,2005-06
4632,Renaldo Major,GSW,25.0,200.66,86.18248,Fresno State,USA,Undrafted,Undrafted,Undrafted,1,5.0,2.0,0.0,21.5,0.0,0.091,0.171,0.23,0.0,2006-07
4805,Von Wafer,LAC,21.0,195.58,95.25432,Florida State,USA,2005,2,39,1,0.0,0.0,0.0,26.6,0.0,0.0,0.275,0.0,0.0,2006-07
5160,Shavlik Randolph,PHI,24.0,208.28,108.86208,Duke,USA,Undrafted,Undrafted,Undrafted,9,0.9,1.2,0.3,25.3,0.36,0.087,0.238,0.286,0.13,2007-08
5191,Josh McRoberts,POR,21.0,208.28,108.86208,Duke,USA,2007,2,37,8,1.5,1.3,0.3,23.0,0.077,0.276,0.18,0.6,0.111,2007-08
5203,Keith Langford,SAS,24.0,193.04,97.52228,Kansas,USA,Undrafted,Undrafted,Undrafted,2,1.0,1.0,0.0,35.9,0.0,0.154,0.18,0.25,0.0,2007-08
5225,Jerome James,NYK,32.0,215.9,129.27372,Florida A&M,USA,1998,2,36,2,2.0,1.5,0.0,52.2,0.0,0.6,0.19,1.064,0.0,2007-08
5283,Loren Woods,HOU,30.0,218.44,117.93392,Arizona,USA,2001,2,45,7,0.9,0.1,0.3,31.3,0.0,0.063,0.153,0.6,0.1669999999999999,2007-08
5423,Steven Hill,OKC,23.0,213.36,111.13004,Arkansas,USA,Undrafted,Undrafted,Undrafted,1,2.0,3.0,0.0,79.0,0.4,0.5,0.1009999999999999,1.0,0.0,2008-09
5707,Demetris Nichols,NYK,24.0,203.2,97.975872,Syracuse,USA,2007,2,53,4,1.8,0.5,0.3,35.6,0.0,0.125,0.3,0.354,0.111,2008-09
5861,Trey Gilder,MEM,25.0,205.74,92.98636,Northwestern State,USA,Undrafted,Undrafted,Undrafted,2,1.0,0.5,0.0,22.4,0.0,0.1669999999999999,0.087,1.0,0.0,2009-10
5910,Ryan Bowen,OKC,34.0,205.74,98.883056,Iowa,USA,1998,2,55,1,4.0,2.0,0.0,69.2,0.111,0.1,0.083,1.064,0.0,2009-10
6294,Dexter Pittman,MIA,23.0,210.82,139.70633600000002,Texas,USA,2010,2,32,2,1.0,1.5,0.0,39.1,0.143,0.182,0.208,0.3329999999999999,0.0,2010-11
6528,Mike Harris,HOU,28.0,198.12,106.59412,Rice,USA,Undrafted,Undrafted,Undrafted,4,2.0,1.3,0.3,55.3,0.111,0.158,0.214,0.515,0.071,2010-11
6626,Orien Greene,NJN,29.0,193.04,94.347136,Louisiana-Lafayette,USA,2005,2,53,3,1.0,0.0,0.3,23.8,0.0,0.0,0.181,0.521,0.1669999999999999,2010-11
6694,Hamady Ndiaye,WAS,25.0,213.36,106.59412,Rutgers,Senegal,2010,2,56,3,0.0,0.0,0.0,114.3,0.0,0.0,0.111,0.0,0.0,2011-12
6706,Ike Diogu,SAS,28.0,205.74,113.398,Arizona State,USA,2005,1,9,2,1.0,0.5,0.0,31.3,0.0,0.077,0.126,0.347,0.0,2011-12
6921,Mike James,CHI,37.0,187.96,85.275296,Duquesne,USA,Undrafted,Undrafted,Undrafted,11,4.8,0.9,2.6,28.6,0.02,0.064,0.249,0.505,0.363,2011-12
6926,Morris Almond,WAS,27.0,198.12,102.0582,Rice,USA,2007,1,25,4,3.5,2.0,0.5,25.0,0.016,0.1369999999999999,0.125,0.382,0.039,2011-12
7087,Keith Benson,GSW,23.0,210.82,104.32616,Oakland,USA,2011,2,48,3,0.0,1.0,0.0,44.1,0.25,0.1,0.05,0.0,0.0,2011-12
7364,Malcolm Thomas,CHI,24.0,205.74,102.0582,San Diego State,USA,Undrafted,Undrafted,Undrafted,12,1.3,1.3,0.3,32.5,0.098,0.2289999999999999,0.135,0.555,0.1,2012-13
7698,DeAndre Liggins,MIA,26.0,198.12,94.800728,Kentucky,USA,2011,2,53,1,2.0,1.0,0.0,33.3,0.5,0.0,0.2,1.0,0.0,2013-14
7737,Robert Covington,HOU,23.0,205.74,97.52228,Tennessee State,USA,Undrafted,Undrafted,Undrafted,7,2.3,0.7,0.0,27.1,0.065,0.083,0.203,0.5710000000000001,0.0,2013-14
7762,Troy Daniels,HOU,22.0,193.04,92.532768,Virginia Commonwealth,USA,Undrafted,Undrafted,Undrafted,5,8.4,0.8,1.0,22.0,0.0,0.07,0.206,0.677,0.114,2013-14
7845,Shavlik Randolph,PHX,30.0,208.28,107.047712,Duke,USA,Undrafted,Undrafted,Undrafted,14,1.4,1.8,0.1,21.2,0.0969999999999999,0.2019999999999999,0.1119999999999999,0.531,0.0139999999999999,2013-14
7910,Josh Childress,NOP,31.0,203.2,95.25432,Stanford,USA,2004,1,6,4,0.0,0.8,0.5,27.1,0.0,0.15,0.02,0.0,0.095,2013-14
8078,Othyus Jeffers,MIN,28.0,195.58,95.25432,Robert Morris (IL),USA,Undrafted,Undrafted,Undrafted,6,1.5,1.5,0.2,29.7,0.038,0.186,0.09,0.58,0.026,2013-14
8130,Jerrelle Benimon,DEN,23.0,203.0,111.0,None,USA,Undrafted,Undrafted,Undrafted,2,0.0,1.5,0.0,120.0,1.0,0.4,0.1669999999999999,0.0,0.0,2014-15
8225,Eric Moreland,SAC,23.0,208.28,98.883056,Oregon State,USA,Undrafted,Undrafted,Undrafted,3,0.7,0.3,0.0,36.1,0.0,0.5,0.25,1.0,0.0,2014-15
8251,Malcolm Lee,PHI,25.0,195.58,90.7184,UCLA,USA,2011,2,43,1,0.0,0.0,0.0,66.7,0.0,0.0,0.192,0.0,0.0,2014-15
8288,Sim Bhullar,SAC,22.0,226.06,163.29312,New Mexico State,Canada,Undrafted,Undrafted,Undrafted,3,0.7,0.3,0.3,34.7,0.0,0.3329999999999999,0.45,0.5,0.5,2014-15
8533,David Stockton,SAC,24.0,180.34,74.84268,Gonzaga,USA,Undrafted,Undrafted,Undrafted,3,2.7,0.7,3.0,32.7,0.0,0.053,0.161,0.4629999999999999,0.3329999999999999,2014-15
9026,Coty Clarke,BOS,23.0,200.66,102.0582,None,USA,Undrafted,Undrafted,Undrafted,3,2.0,0.3,0.0,24.4,0.0,0.3329999999999999,0.363,0.75,0.0,2015-16
9340,Chris McCullough,WAS,22.0,205.74,97.52228,Syracuse,USA,2015,1,29,16,2.3,1.2,0.1,26.8,0.129,0.123,0.198,0.526,0.036,2016-17
9419,Brice Johnson,LAC,23.0,208.28,104.32616,North Carolina,USA,2016,1,25,3,1.3,1.0,0.3,44.9,0.143,0.222,0.385,0.286,0.1669999999999999,2016-17
9476,Pierre Jackson,DAL,25.0,177.8,81.64656,Baylor,USA,2013,2,42,8,4.4,1.1,2.4,31.7,0.011,0.111,0.2319999999999999,0.416,0.322,2016-17
9490,John Lucas III,MIN,34.0,180.34,75.296272,Oklahoma State,USA,Undrafted,Undrafted,Undrafted,5,0.4,0.0,0.2,46.9,0.0,0.0,0.166,0.25,0.2,2016-17
9491,John Jenkins,PHX,26.0,193.04,97.52228,Vanderbilt,USA,2012,1,23,4,1.8,0.3,0.3,21.6,0.0,0.111,0.182,0.595,0.083,2016-17
9579,Devin Robinson,WAS,23.0,203.2,90.7184,Florida,USA,Undrafted,Undrafted,Undrafted,1,2.0,5.0,0.0,28.6,0.095,0.25,0.083,0.3329999999999999,0.0,2017-18
9597,Gordon Hayward,BOS,28.0,203.2,102.511792,Butler,USA,2010,1,9,1,2.0,1.0,0.0,27.3,0.0,0.2,0.154,0.5,0.0,2017-18
9753,Jeff Withey,DAL,28.0,213.36,104.32616,Kansas,USA,2013,2,39,10,1.5,1.0,0.0,25.0,0.023,0.22,0.2,0.444,0.0,2017-18
9801,Anthony Brown,MIN,25.0,200.66,101.604608,Stanford,USA,2015,2,34,1,3.0,0.0,1.0,30.0,0.0,0.0,0.1,1.5,0.3329999999999999,2017-18
9861,Vincent Hunter,MEM,23.0,203.2,94.347136,Texas-El Paso,USA,Undrafted,Undrafted,Undrafted,4,1.5,0.8,0.0,30.9,0.182,0.1669999999999999,0.25,0.6,0.0,2017-18
9946,Naz Mitrou-Long,UTA,24.0,193.04,98.883056,Iowa State,Canada,Undrafted,Undrafted,Undrafted,1,3.0,0.0,0.0,250.0,0.0,0.0,0.5,1.5,0.0,2017-18
9953,Nicolas Brussino,ATL,25.0,203.2,88.45044,None,Argentina,Undrafted,Undrafted,Undrafted,4,0.0,0.8,0.0,88.6,0.0,0.2,0.083,0.0,0.0,2017-18
9961,Matt Costello,SAS,24.0,208.28,108.86208,Michigan State,USA,Undrafted,Undrafted,Undrafted,4,1.0,2.3,0.5,26.6,0.04,0.276,0.071,0.5,0.071,2017-18
9962,Matt Williams Jr.,MIA,24.0,195.58,95.25432,Central Florida,USA,Undrafted,Undrafted,Undrafted,3,1.7,0.3,0.0,66.7,0.0,0.083,0.28,0.417,0.0,2017-18
10007,Justin Patton,MIN,21.0,213.36,107.047712,Creighton,USA,2017,1,16,1,2.0,0.0,0.0,30.0,0.0,0.0,0.2,0.5,0.0,2017-18
10106,Tahjere McCall,BKN,24.0,195.58,86.18248,Tennessee State,USA,Undrafted,Undrafted,Undrafted,1,4.0,1.0,0.0,63.9,0.0,0.2,0.136,0.581,0.0,2018-19
10123,RJ Hunter,BOS,25.0,195.58,83.91452,Georgia State,USA,2015,1,28,1,17.0,3.0,3.0,52.8,0.037,0.05,0.226,0.612,0.15,2018-19
10170,Alan Williams,BKN,26.0,203.2,120.20188,Cal-Santa Barbara,USA,Undrafted,Undrafted,Undrafted,5,3.6,3.8,0.6,27.1,0.114,0.405,0.222,0.61,0.176,2018-19
10193,PJ Dozier,BOS,22.0,198.12,92.98636,South Carolina,USA,Undrafted,Undrafted,Undrafted,6,3.2,2.8,0.8,22.5,0.102,0.172,0.173,0.434,0.125,2018-19
10236,Troy Caupain,ORL,23.0,193.04,95.25432,Cincinnati,USA,Undrafted,Undrafted,Undrafted,4,2.5,0.8,1.0,25.0,0.071,0.154,0.216,0.625,0.4,2018-19
10334,Gary Payton II,WAS,26.0,190.5,86.18248,Oregon State,USA,Undrafted,Undrafted,Undrafted,3,3.7,0.7,1.3,25.8,0.067,0.05,0.214,0.688,0.3329999999999999,2018-19
10474,Kobi Simmons,CLE,21.0,193.04,77.11064,Arizona,USA,Undrafted,Undrafted,Undrafted,1,0.0,0.0,0.0,66.7,0.0,0.0,0.0,0.0,0.0,2018-19
10540,Jaylen Morris,MIL,23.0,195.58,83.91452,Molloy,USA,Undrafted,Undrafted,Undrafted,4,2.5,1.3,1.0,22.5,0.0,0.147,0.15,0.46,0.174,2018-19
10608,John Holland,CLE,30.0,195.58,92.98636,Boston U.,USA,Undrafted,Undrafted,Undrafted,1,0.0,0.0,0.0,50.0,0.0,0.0,0.0,0.0,0.0,2018-19
10633,Max Strus,CHI,24.0,195.58,97.52228,DePaul,USA,Undrafted,Undrafted,Undrafted,2,2.5,0.5,0.0,105.8,0.1669999999999999,0.0,0.158,0.727,0.0,2019-20
10643,Marques Bolden,CLE,22.0,208.28,112.944408,Duke,USA,2019,Undrafted,Undrafted,1,0.0,2.0,0.0,57.1,0.0,0.5,0.0,0.0,0.0,2019-20
10713,Justin Robinson,WAS,22.0,185.42,88.45044,Virginia Tech ,USA,2019,Undrafted,Undrafted,9,1.4,0.6,0.8,29.9,0.022,0.098,0.133,0.542,0.1939999999999999,2019-20
10825,Tyler Zeller,SAS,30.0,210.82,113.398,North Carolina,USA,2012,1,17,2,1.0,2.0,0.0,33.3,0.3,0.3329999999999999,0.267,0.25,0.0,2019-20
10887,Ryan Anderson,HOU,32.0,205.74,108.86208,California,USA,2008,1,21,2,2.5,3.5,1.0,21.2,0.0,0.467,0.242,0.357,0.1669999999999999,2019-20
10933,Devontae Cacok,LAL,23.0,203.2,108.86208,North Carolina-Wilmington,USA,Undrafted,Undrafted,Undrafted,1,6.0,5.0,1.0,22.7,0.1669999999999999,0.3329999999999999,0.222,0.5,0.125,2019-20
10961,Charlie Brown Jr.,ATL,23.0,198.12,90.264808,St. Joseph's (PA),USA,Undrafted,Undrafted,Undrafted,10,2.0,0.4,0.2,33.9,0.04,0.048,0.231,0.472,0.077,2019-20
11001,Cameron Payne,PHX,25.0,185.42,83.007336,Murray State,USA,2015,1,14,8,10.9,3.9,3.0,23.1,0.023,0.131,0.182,0.612,0.182,2019-20
11044,Jamal Crawford,BKN,40.0,195.58,90.7184,Michigan,USA,2000,1,8,1,5.0,0.0,3.0,26.7,0.0,0.0,0.235,0.625,0.5,2019-20
11093,J.P. Macura,CLE,25.0,193.04,92.079176,Xavier,USA,2018,Undrafted,Undrafted,1,0.0,0.0,0.0,150.0,0.0,0.0,0.0,0.0,0.0,2019-20
11137,Henry Ellenson,BKN,23.0,208.28,108.86208,Marquette,USA,2016,1,18,5,0.4,1.2,0.2,27.3,0.111,0.19,0.159,0.143,0.125,2019-20
11184,Kostas Antetokounmpo,LAL,23.0,208.28,90.7184,Dayton,Greece,2018,2,60,15,0.8,1.3,0.1,22.1,0.059,0.211,0.172,0.382,0.023,2020-21
11333,Spencer Dinwiddie,BKN,28.0,195.58,97.52228,Colorado,USA,2014,2,38,3,6.7,4.3,3.0,29.8,0.0,0.151,0.154,0.536,0.173,2020-21
11385,Udonis Haslem,MIA,41.0,203.2,106.59412,Florida,USA,Undrafted,Undrafted,Undrafted,1,4.0,1.0,0.0,66.7,0.0,0.25,0.286,1.0,0.0,2020-21
11535,Amida Brimah,IND,27.0,208.28,104.32616,Connecticut,USA,Undrafted,Undrafted,Undrafted,5,2.6,1.6,0.2,32.8,0.077,0.15,0.176,0.6970000000000001,0.042,2020-21
11591,Greg Whittington,DEN,28.0,203.2,95.25432,Georgetown,USA,Undrafted,Undrafted,Undrafted,4,0.0,0.0,0.0,33.3,0.0,0.0,0.103,0.0,0.0,2020-21
11649,Devon Dotson,CHI,21.0,187.96,83.91452,Kansas,USA,Undrafted,Undrafted,Undrafted,11,2.1,0.5,0.6,21.7,0.039,0.061,0.16,0.5479999999999999,0.2,2020-21
11777,Jaylen Morris,SAS,26.0,195.58,83.91452,Molloy,USA,Undrafted,Undrafted,Undrafted,3,0.7,0.7,0.7,22.9,0.0,0.118,0.231,0.129,0.143,2021-22
11781,Jay Huff,LAL,24.0,215.9,108.86208,Virginia,USA,Undrafted,Undrafted,Undrafted,4,0.0,1.0,0.3,36.5,0.04,0.111,0.083,0.0,0.071,2021-22
11785,Javin DeLaurier,MIL,24.0,208.28,106.140528,Duke,USA,Undrafted,Undrafted,Undrafted,1,0.0,1.0,0.0,57.1,0.0,0.25,0.0,0.0,0.0,2021-22
11786,Jarron Cumberland,POR,24.0,195.58,92.98636,Cincinnati,USA,Undrafted,Undrafted,Undrafted,3,0.7,1.0,0.3,40.2,0.059,0.182,0.061,0.5,0.1,2021-22
11894,Ahmad Caver,IND,25.0,187.96,78.92500799999999,Old Dominion,USA,2019,Undrafted,Undrafted,1,2.0,0.0,0.0,133.3,0.0,0.0,0.5,1.0,0.0,2021-22
11914,Anthony Lamb,HOU,24.0,198.12,102.965384,Vermont,USA,Undrafted,Undrafted,Undrafted,2,0.0,0.5,1.0,29.4,0.0,0.125,0.105,0.0,0.4,2021-22
11960,DeJon Jarreau,IND,24.0,195.58,83.91452,Houston,USA,Undrafted,Undrafted,Undrafted,1,0.0,0.0,0.0,100.0,0.0,0.0,0.0,0.0,0.0,2021-22
11976,Chandler Hutchison,PHX,26.0,198.12,95.25432,Boise State,USA,2018,1,22,6,0.7,0.8,0.3,27.3,0.0,0.1669999999999999,0.111,0.6940000000000001,0.105,2021-22
11978,Cat Barber,ATL,27.0,185.42,78.471416,North Carolina State,USA,2016,Undrafted,Undrafted,3,0.0,1.0,1.0,34.6,0.091,0.286,0.2189999999999999,0.0,0.2,2021-22
12021,Sekou Doumbouya,LAL,21.0,205.74,104.32616,None,France,2019,1,15,2,7.0,3.0,0.0,67.8,0.111,0.182,0.286,0.7170000000000001,0.0,2021-22
12152,Jordan Bell,CHI,27.0,200.66,97.975872,Oregon,USA,2017,2,38,1,0.0,1.0,0.0,25.0,0.5,0.0,0.0,0.0,0.0,2021-22
12264,Nate Hinton,IND,23.0,195.58,95.25432,Houston,USA,Undrafted,Undrafted,Undrafted,2,0.0,0.0,0.0,76.2,0.0,0.0,0.25,0.0,0.0,2021-22
12291,Matt Ryan,BOS,25.0,200.66,97.52228,Tennessee-Chattanooga,USA,Undrafted,Undrafted,Undrafted,1,3.0,0.0,0.0,25.0,0.0,0.0,0.357,0.3,0.0,2021-22
12295,Mason Jones,LAL,23.0,193.04,90.7184,Arkansas,USA,Undrafted,Undrafted,Undrafted,4,6.8,2.5,1.0,22.8,0.02,0.148,0.18,0.625,0.129,2021-22
93,Glen Rice,CHH,30.0,203.2,99.79024,Michigan,USA,1989,1,4,79,26.8,4.0,2.0,3.2,0.025,0.087,0.272,0.605,0.088,1996-97
381,Karl Malone,UTA,33.0,205.74,116.119552,Louisiana Tech,USA,1985,1,13,82,27.4,9.9,4.5,12.8,0.086,0.243,0.325,0.6,0.2339999999999999,1996-97
392,Michael Jordan,CHI,34.0,198.12,97.975872,North Carolina,USA,1984,1,3,82,29.6,5.9,4.3,13.4,0.042,0.132,0.331,0.5670000000000001,0.208,1996-97
479,Michael Jordan,CHI,35.0,198.12,97.975872,North Carolina,USA,1984,1,3,82,28.7,5.8,3.5,8.5,0.047,0.125,0.336,0.5329999999999999,0.174,1997-98
499,Karl Malone,UTA,34.0,205.74,116.119552,Louisiana Tech,USA,1985,1,13,81,27.0,10.3,3.9,9.8,0.085,0.246,0.318,0.597,0.204,1997-98
651,Shaquille O'Neal,LAL,26.0,215.9,142.88148,Louisiana State,USA,1992,1,1,60,28.3,11.4,2.4,15.6,0.114,0.236,0.331,0.5870000000000001,0.125,1997-98
1019,Allen Iverson,PHI,24.0,182.88,74.84268,Georgetown,USA,1996,1,1,48,26.8,4.9,4.6,3.6,0.038,0.1009999999999999,0.3229999999999999,0.508,0.2339999999999999,1998-99
1464,Allen Iverson,PHI,25.0,182.88,74.84268,Georgetown,USA,1996,1,1,70,28.4,3.8,4.7,1.2,0.027,0.078,0.3389999999999999,0.496,0.22,1999-00
1554,Shaquille O'Neal,LAL,28.0,215.9,142.88148,Louisiana State,USA,1992,1,1,79,29.7,13.6,3.8,11.0,0.1159999999999999,0.246,0.313,0.578,0.184,1999-00
1834,Vince Carter,TOR,24.0,198.12,102.0582,North Carolina,USA,1998,1,5,75,27.6,5.5,3.9,5.1,0.065,0.093,0.305,0.551,0.187,2000-01
1920,Allen Iverson,PHI,26.0,182.88,74.84268,Georgetown,USA,1996,1,1,71,31.1,3.8,4.6,5.7,0.019,0.081,0.354,0.518,0.226,2000-01
1932,Chris Webber,SAC,28.0,208.28,111.13004,Michigan,USA,1993,1,1,70,27.1,11.1,4.2,6.3,0.069,0.22,0.313,0.516,0.2019999999999999,2000-01
2041,Jerry Stackhouse,DET,26.0,198.12,98.883056,North Carolina,USA,1995,1,3,80,29.8,3.9,5.1,-1.2,0.032,0.073,0.348,0.521,0.258,2000-01
2065,Kobe Bryant,LAL,22.0,200.66,95.25432,None,USA,1996,1,13,68,28.5,5.9,5.0,6.3,0.042,0.1169999999999999,0.315,0.552,0.22,2000-01
2106,Shaquille O'Neal,LAL,29.0,215.9,142.88148,Louisiana State,USA,1992,1,1,74,28.7,12.7,3.7,7.9,0.1159999999999999,0.247,0.318,0.574,0.177,2000-01
2123,Tracy McGrady,ORL,22.0,203.2,95.25432,None,USA,1997,1,9,77,26.8,7.5,4.6,4.5,0.067,0.142,0.311,0.521,0.218,2000-01
2405,Shaquille O'Neal,LAL,30.0,215.9,142.88148,Louisiana State,USA,1992,1,1,67,27.2,10.7,3.0,11.5,0.11,0.211,0.318,0.59,0.157,2001-02
2489,Allen Iverson,PHI,27.0,182.88,74.84268,Georgetown,USA,1996,1,1,60,31.4,4.5,5.5,5.1,0.019,0.093,0.371,0.489,0.266,2001-02
2717,Allen Iverson,PHI,28.0,182.88,74.84268,Georgetown,USA,1996,1,1,82,27.6,4.2,5.5,1.8,0.022,0.095,0.327,0.5,0.248,2002-03
2876,Shaquille O'Neal,LAL,31.0,215.9,151.95332,Louisiana State,USA,1992,1,1,67,27.5,11.1,3.1,6.9,0.12,0.214,0.303,0.602,0.15,2002-03
2953,Tracy McGrady,ORL,24.0,203.2,95.25432,None,USA,1997,1,9,75,32.1,6.5,5.5,3.5,0.046,0.147,0.35,0.564,0.282,2002-03
3011,Kobe Bryant,LAL,24.0,200.66,97.52228,None,USA,1996,1,13,82,30.0,6.9,5.9,3.7,0.035,0.152,0.3289999999999999,0.55,0.268,2002-03
3181,Tracy McGrady,ORL,25.0,203.2,95.25432,None,USA,1997,1,9,67,28.0,6.0,5.5,-7.1,0.039,0.131,0.33,0.526,0.272,2003-04
3507,Allen Iverson,PHI,29.0,182.88,74.84268,Georgetown,USA,1996,1,1,48,26.4,3.7,6.8,-2.1,0.019,0.079,0.3429999999999999,0.478,0.325,2003-04
3664,Allen Iverson,PHI,30.0,182.88,74.84268,Georgetown,USA,1996,1,1,75,30.7,4.0,7.9,0.3,0.018,0.089,0.347,0.532,0.361,2004-05
3779,LeBron James,CLE,20.0,203.2,108.86208,None,USA,2003,1,1,80,27.2,7.4,7.2,1.9,0.038,0.17,0.297,0.5539999999999999,0.324,2004-05
3790,Kobe Bryant,LAL,26.0,198.12,99.79024,None,USA,1996,1,13,66,27.6,5.9,6.0,-2.2,0.04,0.125,0.316,0.563,0.287,2004-05
3998,Dwyane Wade,MIA,24.0,193.04,96.161504,Marquette,USA,2003,1,5,75,27.2,5.7,6.7,8.8,0.046,0.126,0.321,0.5770000000000001,0.312,2005-06
4014,Dirk Nowitzki,DAL,28.0,213.36,111.13004,None,Germany,1998,1,9,81,26.6,9.0,2.8,8.6,0.046,0.2339999999999999,0.301,0.589,0.142,2005-06
4026,Gilbert Arenas,WAS,24.0,193.04,95.25432,Arizona,USA,2001,2,30,80,29.3,3.5,6.1,2.1,0.019,0.078,0.301,0.581,0.261,2005-06
4124,Allen Iverson,PHI,31.0,182.88,74.84268,Georgetown,USA,1996,1,1,72,33.0,3.2,7.4,0.8,0.016,0.071,0.354,0.5429999999999999,0.331,2005-06
4187,Carmelo Anthony,DEN,22.0,203.2,104.32616,Syracuse,USA,2003,1,3,80,26.5,4.9,2.7,1.1,0.05,0.107,0.319,0.563,0.141,2005-06
4323,LeBron James,CLE,21.0,203.2,108.86208,None,USA,2003,1,1,79,31.4,7.0,6.6,4.2,0.026,0.171,0.336,0.568,0.315,2005-06
4342,Kobe Bryant,LAL,27.0,198.12,99.79024,None,USA,1996,1,13,80,35.4,5.3,4.5,4.7,0.026,0.127,0.384,0.5589999999999999,0.228,2005-06
4399,Paul Pierce,BOS,28.0,198.12,104.32616,Kansas,USA,1998,1,10,79,26.8,6.7,4.7,-0.9,0.031,0.174,0.311,0.5820000000000001,0.2239999999999999,2005-06
4451,Gilbert Arenas,WAS,25.0,193.04,97.52228,Arizona,USA,2001,2,30,74,28.4,4.6,6.0,1.6,0.023,0.109,0.307,0.565,0.257,2006-07
4589,Dwyane Wade,MIA,25.0,193.04,96.161504,Marquette,USA,2003,1,5,51,27.4,4.7,7.5,4.3,0.033,0.109,0.3389999999999999,0.583,0.3779999999999999,2006-07
4607,Ray Allen,SEA,31.0,195.58,92.98636,Connecticut,USA,1996,1,5,55,26.4,4.5,4.1,-1.9,0.03,0.103,0.293,0.564,0.183,2006-07
4703,Kobe Bryant,LAL,28.0,198.12,99.79024,None,USA,1996,1,13,77,31.6,5.7,5.4,0.6,0.0279999999999999,0.132,0.3329999999999999,0.58,0.249,2006-07
4713,LeBron James,CLE,22.0,203.2,108.86208,None,USA,2003,1,1,78,27.3,6.7,6.0,5.4,0.0289999999999999,0.166,0.309,0.552,0.281,2006-07
4718,Michael Redd,MIL,27.0,198.12,97.52228,Ohio State,USA,2000,2,43,53,26.7,3.7,2.3,-1.5,0.025,0.092,0.293,0.586,0.104,2006-07
4845,Carmelo Anthony,DEN,23.0,203.2,104.32616,Syracuse,USA,2003,1,3,65,28.9,6.0,3.8,2.7,0.068,0.113,0.335,0.552,0.183,2006-07
5027,Allen Iverson,DEN,33.0,182.88,81.64656,Georgetown,USA,1996,1,1,82,26.4,3.0,7.1,5.8,0.015,0.061,0.266,0.5670000000000001,0.271,2007-08
5265,Kobe Bryant,LAL,29.0,198.12,92.98636,None,USA,1996,1,13,82,28.3,6.3,5.4,8.5,0.034,0.141,0.312,0.5760000000000001,0.236,2007-08
5277,LeBron James,CLE,23.0,203.2,113.398,None,USA,2003,1,1,75,30.0,7.9,7.2,2.4,0.049,0.178,0.3329999999999999,0.568,0.352,2007-08
5628,Kobe Bryant,LAL,30.0,198.12,92.98636,None,USA,1996,1,13,82,26.8,5.2,4.9,10.8,0.035,0.127,0.322,0.561,0.2319999999999999,2008-09
5640,LeBron James,CLE,24.0,203.2,113.398,None,USA,2003,1,1,81,28.4,7.6,7.2,14.7,0.042,0.1889999999999999,0.3339999999999999,0.591,0.365,2008-09
5690,Dwyane Wade,MIA,27.0,193.04,97.975872,Marquette,USA,2003,1,5,79,30.2,5.0,7.5,3.6,0.035,0.121,0.356,0.574,0.377,2008-09
5974,Dwyane Wade,MIA,28.0,193.04,99.79024,Marquette,USA,2003,1,5,77,26.6,4.8,6.5,7.4,0.046,0.111,0.342,0.562,0.3339999999999999,2009-10
6038,Carmelo Anthony,DEN,26.0,203.2,104.32616,Syracuse,USA,2003,1,3,69,28.2,6.6,3.2,5.4,0.065,0.131,0.332,0.5479999999999999,0.159,2009-10
6084,Kevin Durant,OKC,21.0,205.74,104.32616,Texas,USA,2007,1,2,82,30.1,7.6,2.8,7.0,0.038,0.177,0.317,0.607,0.13,2009-10
6091,Kobe Bryant,LAL,31.0,198.12,92.98636,None,USA,1996,1,13,73,27.0,5.4,5.0,8.5,0.032,0.122,0.3229999999999999,0.545,0.23,2009-10
6460,Kevin Durant,OKC,22.0,205.74,104.32616,Texas,USA,2007,1,2,78,27.7,6.8,2.7,4.7,0.023,0.174,0.302,0.589,0.127,2010-11
6514,LeBron James,MIA,26.0,203.2,113.398,None,USA,2003,1,1,79,26.7,7.5,7.0,10.5,0.033,0.184,0.312,0.594,0.3429999999999999,2010-11
7123,LeBron James,MIA,27.0,203.2,113.398,None,USA,2003,1,1,62,27.1,7.9,6.2,10.7,0.05,0.196,0.317,0.605,0.318,2011-12
7125,Kobe Bryant,LAL,33.0,198.12,92.98636,None,USA,1996,1,13,58,27.9,5.4,4.6,3.1,0.035,0.1169999999999999,0.354,0.527,0.237,2011-12
7132,Kevin Durant,OKC,23.0,205.74,106.59412,Texas,USA,2007,1,2,66,28.0,8.0,3.5,7.7,0.019,0.2,0.308,0.61,0.17,2011-12
7291,LeBron James,MIA,28.0,203.2,113.398,None,USA,2003,1,1,76,26.8,8.0,7.3,14.1,0.044,0.208,0.298,0.64,0.344,2012-13
7298,Kobe Bryant,LAL,34.0,198.12,92.98636,None,USA,1996,1,13,78,27.3,5.6,6.0,2.7,0.025,0.131,0.317,0.57,0.286,2012-13
7319,Kevin Durant,OKC,24.0,205.74,106.59412,Texas,USA,2007,1,2,81,28.1,7.9,4.6,12.7,0.018,0.201,0.298,0.647,0.213,2012-13
7587,Carmelo Anthony,NYK,29.0,203.2,104.32616,Syracuse,USA,2003,1,3,67,28.7,6.9,2.6,6.2,0.061,0.158,0.353,0.56,0.1369999999999999,2012-13
7711,Carmelo Anthony,NYK,30.0,203.2,106.59412,Syracuse,USA,2003,1,3,77,27.4,8.1,3.1,0.9,0.055,0.192,0.3229999999999999,0.561,0.156,2013-14
7878,LeBron James,MIA,29.0,203.2,113.398,None,USA,2003,1,1,77,27.1,6.9,6.3,7.9,0.037,0.188,0.309,0.649,0.311,2013-14
7928,Kevin Durant,OKC,25.0,205.74,108.86208,Texas,USA,2007,1,2,81,32.0,7.4,5.5,8.0,0.022,0.184,0.327,0.635,0.259,2013-14
8281,James Harden,HOU,25.0,195.58,102.0582,Arizona State,USA,2009,1,3,81,27.4,5.7,7.0,5.8,0.0279999999999999,0.144,0.313,0.605,0.34,2014-15
8657,Kevin Durant,OKC,27.0,205.74,108.86208,Texas,USA,2007,1,2,72,28.2,8.2,5.0,11.2,0.021,0.209,0.305,0.634,0.23,2015-16
8739,Stephen Curry,GSW,28.0,190.5,86.18248,Davidson,USA,2009,1,7,79,30.1,5.4,6.7,18.3,0.0289999999999999,0.131,0.32,0.669,0.315,2015-16
8866,DeMarcus Cousins,SAC,25.0,210.82,122.46984,Kentucky,USA,2010,1,5,65,26.9,11.5,3.3,0.0,0.078,0.2739999999999999,0.352,0.5379999999999999,0.1669999999999999,2015-16
8947,James Harden,HOU,26.0,195.58,99.79024,Arizona State,USA,2009,1,3,82,29.0,6.1,7.5,1.2,0.022,0.157,0.325,0.598,0.354,2015-16
9326,Damian Lillard,POR,26.0,190.5,88.45044,Weber State,USA,2012,1,6,75,27.0,4.9,5.9,1.2,0.018,0.134,0.309,0.586,0.2769999999999999,2016-17
9367,DeMarcus Cousins,NOP,26.0,210.82,122.46984,Kentucky,USA,2010,1,5,72,27.0,11.0,4.6,-2.2,0.072,0.305,0.364,0.562,0.262,2016-17
9368,DeMar DeRozan,TOR,27.0,200.66,99.79024,Southern California,USA,2009,1,9,74,27.3,5.2,3.9,3.3,0.03,0.134,0.342,0.552,0.204,2016-17
9387,Anthony Davis,NOP,24.0,210.82,114.758776,Kentucky,USA,2012,1,1,75,28.0,11.8,2.1,1.7,0.067,0.2689999999999999,0.326,0.58,0.11,2016-17
9544,Isaiah Thomas,BOS,28.0,175.26,83.91452,Washington,USA,2011,2,60,76,28.9,2.7,5.9,5.0,0.019,0.07,0.337,0.625,0.305,2016-17
9600,Giannis Antetokounmpo,MIL,23.0,210.82,100.697424,None,Greece,2013,1,15,75,26.9,10.0,4.8,2.8,0.06,0.218,0.307,0.598,0.237,2017-18
9687,Damian Lillard,POR,27.0,190.5,88.45044,Weber State,USA,2012,1,6,73,26.9,4.5,6.6,6.1,0.022,0.094,0.295,0.594,0.301,2017-18
9800,Anthony Davis,NOP,25.0,208.28,114.758776,Kentucky,USA,2012,1,1,75,28.1,11.1,2.3,5.0,0.07,0.213,0.291,0.612,0.104,2017-18
9877,Stephen Curry,GSW,30.0,190.5,86.18248,Davidson,USA,2009,1,7,51,26.4,5.1,6.1,13.0,0.024,0.124,0.29,0.675,0.272,2017-18
10018,Kevin Durant,GSW,29.0,205.74,108.86208,Texas,USA,2007,1,2,68,26.4,6.8,5.4,7.0,0.015,0.1689999999999999,0.293,0.64,0.243,2017-18
10128,Paul George,OKC,29.0,205.74,99.79024,Fresno State,USA,2010,1,10,77,28.0,8.2,4.1,8.2,0.033,0.173,0.285,0.583,0.173,2018-19
10141,Stephen Curry,GSW,31.0,190.5,86.18248,Davidson,USA,2009,1,7,69,27.3,5.3,5.2,13.7,0.02,0.122,0.292,0.6409999999999999,0.225,2018-19
10284,Devin Booker,PHX,22.0,198.12,95.25432,Kentucky,USA,2015,1,13,64,26.6,4.1,6.8,-6.9,0.017,0.099,0.32,0.584,0.327,2018-19
10340,Giannis Antetokounmpo,MIL,24.0,210.82,109.769264,None,Greece,2013,1,15,72,27.7,12.5,5.9,12.5,0.066,0.273,0.314,0.644,0.294,2018-19
10445,LeBron James,LAL,34.0,203.2,113.398,None,USA,2003,1,1,55,27.4,8.5,8.3,2.0,0.0289999999999999,0.193,0.311,0.588,0.376,2018-19
10572,James Harden,HOU,29.0,195.58,99.79024,Arizona State,USA,2009,1,3,78,36.1,6.6,7.5,6.3,0.023,0.157,0.396,0.616,0.3939999999999999,2018-19
10582,Joel Embiid,PHI,25.0,213.36,113.398,Kansas,Cameroon,2014,1,3,64,27.5,13.6,3.7,7.6,0.075,0.292,0.327,0.593,0.185,2018-19
10595,Kawhi Leonard,TOR,28.0,200.66,104.32616,San Diego State,USA,2011,1,15,60,26.6,7.3,3.3,7.9,0.039,0.165,0.3,0.606,0.159,2018-19
10705,Kawhi Leonard,LAC,29.0,200.66,102.0582,San Diego State,USA,2011,1,15,57,27.1,7.1,4.9,12.2,0.0279999999999999,0.175,0.327,0.589,0.255,2019-20
10706,Karl-Anthony Towns,MIN,24.0,210.82,112.490816,Kentucky,USA,2015,1,1,35,26.5,10.8,4.4,-1.5,0.075,0.24,0.278,0.642,0.21,2019-20
10741,Kyrie Irving,BKN,28.0,187.96,88.45044,Duke,Australia,2011,1,1,20,27.4,5.2,6.4,-0.4,0.032,0.12,0.318,0.595,0.331,2019-20
10888,Russell Westbrook,HOU,31.0,190.5,90.7184,UCLA,USA,2008,1,4,57,27.2,7.9,7.0,3.1,0.044,0.157,0.33,0.536,0.34,2019-20
10904,Damian Lillard,POR,29.0,187.96,88.45044,Weber State,USA,2012,1,6,66,30.0,4.3,8.0,1.4,0.013,0.092,0.294,0.627,0.335,2019-20
10935,Devin Booker,PHX,23.0,195.58,93.439952,Kentucky,USA,2015,1,13,70,26.6,4.2,6.5,2.7,0.012,0.106,0.294,0.618,0.288,2019-20
11019,Bradley Beal,WAS,27.0,190.5,93.893544,Florida,USA,2012,1,3,57,30.5,4.2,6.1,-4.5,0.024,0.095,0.3379999999999999,0.579,0.285,2019-20
11041,James Harden,HOU,30.0,195.58,99.79024,Arizona State,USA,2009,1,3,68,34.3,6.6,7.5,5.8,0.026,0.139,0.356,0.626,0.366,2019-20
11155,Giannis Antetokounmpo,MIL,25.0,210.82,109.769264,None,Greece,2013,1,15,63,29.5,13.6,5.6,15.4,0.068,0.307,0.363,0.613,0.3279999999999999,2019-20
11191,Kyrie Irving,BKN,29.0,187.96,88.45044,Duke,Australia,2011,1,1,54,26.9,4.8,6.0,5.6,0.0289999999999999,0.1009999999999999,0.297,0.614,0.2689999999999999,2020-21
11241,Joel Embiid,PHI,27.0,213.36,127.00576,Kansas,Cameroon,2014,1,3,51,28.5,10.6,2.8,12.0,0.078,0.254,0.352,0.636,0.156,2020-21
11269,Jayson Tatum,BOS,23.0,203.2,95.25432,Duke,USA,2017,1,3,64,26.4,7.4,4.3,3.0,0.021,0.188,0.298,0.5760000000000001,0.196,2020-21
11287,Kevin Durant,BKN,32.0,208.28,108.86208,Texas-Austin,USA,2007,1,2,35,26.9,7.1,5.6,10.7,0.012,0.18,0.303,0.6659999999999999,0.252,2020-21
11335,Stephen Curry,GSW,33.0,190.5,83.91452,Davidson,USA,2009,1,7,63,32.0,5.5,5.8,4.6,0.013,0.135,0.331,0.655,0.283,2020-21
11363,Zach LaVine,CHI,26.0,195.58,90.7184,UCLA,USA,2014,1,13,58,27.4,5.0,4.9,-0.8,0.018,0.121,0.302,0.634,0.225,2020-21
11365,Zion Williamson,NOP,20.0,200.66,128.820128,Duke,USA,2019,1,1,61,27.0,7.2,3.7,2.1,0.081,0.131,0.287,0.649,0.188,2020-21
11420,Nikola Jokic,DEN,26.0,210.82,128.820128,None,Serbia,2014,2,41,72,26.4,10.8,8.3,7.7,0.087,0.237,0.293,0.647,0.377,2020-21
11513,Damian Lillard,POR,30.0,187.96,88.45044,Weber State,USA,2012,1,6,67,28.8,4.2,7.5,4.0,0.012,0.104,0.306,0.623,0.3339999999999999,2020-21
11563,Bradley Beal,WAS,28.0,190.5,93.893544,Florida,USA,2012,1,3,60,31.3,4.7,4.4,-0.4,0.033,0.094,0.331,0.593,0.2019999999999999,2020-21
11600,Giannis Antetokounmpo,MIL,26.0,210.82,109.769264,None,Greece,2013,1,15,61,28.1,11.0,5.9,9.8,0.048,0.264,0.32,0.633,0.282,2020-21
11670,Donovan Mitchell,UTA,24.0,185.42,97.52228,Louisville,USA,2017,1,13,53,26.4,4.4,5.2,7.9,0.0279999999999999,0.095,0.327,0.569,0.266,2020-21
11724,Giannis Antetokounmpo,MIL,27.0,210.82,109.769264,None,Greece,2013,1,15,67,29.9,11.6,5.8,8.0,0.06,0.267,0.34,0.633,0.304,2021-22
11774,Jayson Tatum,BOS,24.0,203.2,95.25432,Duke,USA,2017,1,3,76,26.9,8.0,4.4,12.1,0.032,0.18,0.313,0.578,0.204,2021-22
11796,Joel Embiid,PHI,28.0,213.36,127.00576,Kansas,Cameroon,2014,1,3,68,30.6,11.7,4.2,7.9,0.068,0.273,0.375,0.616,0.236,2021-22
11816,Ja Morant,MEM,22.0,190.5,78.92500799999999,Murray State,USA,2019,1,2,57,27.4,5.7,6.7,4.1,0.037,0.124,0.33,0.575,0.33,2021-22
11944,DeMar DeRozan,CHI,32.0,198.12,99.79024,Southern California,USA,2009,1,9,76,27.9,5.2,4.9,1.1,0.021,0.122,0.308,0.59,0.228,2021-22
11990,Devin Booker,PHX,25.0,195.58,93.439952,Kentucky,USA,2015,1,13,68,26.8,5.0,4.8,9.5,0.02,0.1169999999999999,0.313,0.5760000000000001,0.212,2021-22
12164,Kevin Durant,BKN,33.0,208.28,108.86208,Texas-Austin,USA,2007,1,2,55,29.9,7.4,6.4,6.5,0.015,0.166,0.31,0.634,0.2739999999999999,2021-22
12175,LeBron James,LAL,37.0,205.74,113.398,None,USA,2003,1,1,56,30.3,8.2,6.2,-2.5,0.031,0.185,0.317,0.619,0.297,2021-22
12184,Kyrie Irving,BKN,30.0,187.96,88.45044,Duke,Australia,2011,1,1,29,27.4,4.4,5.8,5.2,0.015,0.096,0.283,0.5920000000000001,0.235,2021-22
12253,Nikola Jokic,DEN,27.0,210.82,128.820128,None,Serbia,2014,2,41,74,27.1,13.8,7.9,8.4,0.09,0.313,0.309,0.6609999999999999,0.3879999999999999,2021-22
0,Dennis Rodman,CHI,36.0,198.12,99.79024,Southeastern Oklahoma State,USA,1986,2,27,55,5.7,16.1,3.1,16.1,0.186,0.3229999999999999,0.1,0.479,0.113,1996-97
52,Dikembe Mutombo,ATL,31.0,218.44,113.398,Georgetown,Congo,1991,1,4,80,13.3,11.6,1.4,8.1,0.1119999999999999,0.256,0.179,0.584,0.066,1996-97
74,Jayson Williams,NJN,29.0,205.74,108.86208,St. John's (NY),USA,1990,1,21,41,13.4,13.5,1.2,-8.8,0.1669999999999999,0.248,0.209,0.4429999999999999,0.062,1996-97
202,Charles Barkley,HOU,34.0,198.12,114.305184,Auburn,USA,1984,1,5,53,19.2,13.5,4.7,7.5,0.127,0.28,0.23,0.581,0.208,1996-97
239,Shaquille O'Neal,LAL,25.0,215.9,136.0776,Louisiana State,USA,1992,1,1,51,26.2,12.5,3.1,6.9,0.119,0.26,0.314,0.556,0.159,1996-97
567,Tim Duncan,SAS,22.0,213.36,112.490816,Wake Forest,US Virgin Islands,1997,1,1,82,21.1,11.9,2.7,8.0,0.108,0.238,0.262,0.5770000000000001,0.131,1997-98
728,Dennis Rodman,CHI,37.0,198.12,99.79024,Southeastern Oklahoma State,USA,1986,2,27,80,4.7,15.0,2.9,6.7,0.1689999999999999,0.319,0.088,0.4589999999999999,0.1119999999999999,1997-98
781,Charles Barkley,HOU,35.0,198.12,114.305184,Auburn,USA,1984,1,5,68,15.2,11.7,3.2,2.4,0.131,0.297,0.218,0.564,0.162,1997-98
854,Jayson Williams,NJN,30.0,208.28,111.13004,St. John's (NY),USA,1990,1,21,65,12.9,13.6,1.0,3.3,0.203,0.23,0.161,0.541,0.045,1997-98
903,Charles Barkley,HOU,36.0,198.12,114.305184,Auburn,USA,1984,1,5,42,16.1,12.3,4.6,4.7,0.14,0.261,0.225,0.546,0.216,1998-99
940,Danny Fortson,DEN,23.0,200.66,117.93392,Cincinnati,USA,1997,1,10,50,11.0,11.6,0.6,-7.1,0.1669999999999999,0.312,0.179,0.564,0.038,1998-99
963,Chris Webber,SAC,26.0,208.28,111.13004,Michigan,USA,1993,1,1,42,20.0,13.0,4.1,1.3,0.093,0.237,0.249,0.491,0.171,1998-99
1237,Dikembe Mutombo,ATL,33.0,218.44,118.38751200000002,Georgetown,Congo,1991,1,4,50,10.8,12.2,1.1,6.0,0.127,0.265,0.144,0.584,0.0559999999999999,1998-99
1314,Jayson Williams,NJN,31.0,205.74,108.86208,St. John's (NY),USA,1990,1,21,30,8.1,12.0,1.1,-5.7,0.15,0.239,0.13,0.474,0.054,1998-99
1354,Dennis Rodman,DAL,39.0,200.66,95.25432,Southeastern Oklahoma State,USA,1986,2,27,12,2.8,14.3,1.2,-7.1,0.136,0.351,0.064,0.457,0.046,1999-00
1367,Dikembe Mutombo,ATL,34.0,218.44,118.38751200000002,Georgetown,Congo,1991,1,4,82,11.5,14.1,1.3,-2.5,0.114,0.308,0.141,0.621,0.054,1999-00
1628,Tim Duncan,SAS,24.0,213.36,117.93392,Wake Forest,US Virgin Islands,1997,1,1,74,23.2,12.4,3.2,9.5,0.109,0.244,0.286,0.555,0.152,1999-00
1696,Kevin Garnett,MIN,24.0,210.82,99.79024,None,USA,1995,1,5,81,22.9,11.8,5.0,5.7,0.08,0.267,0.276,0.545,0.211,1999-00
1761,Dikembe Mutombo,PHI,35.0,218.44,120.20188,Georgetown,Congo,1991,1,4,75,10.0,13.5,1.0,0.6,0.135,0.294,0.146,0.547,0.048,2000-01
1791,Danny Fortson,GSW,25.0,203.2,117.93392,Cincinnati,USA,1997,1,10,6,16.7,16.3,0.8,-9.6,0.152,0.371,0.166,0.6779999999999999,0.042,2000-01
1883,Antonio McDyess,DEN,26.0,205.74,111.13004,Alabama,USA,1995,1,2,70,20.8,12.1,2.1,0.6,0.104,0.254,0.2689999999999999,0.5379999999999999,0.106,2000-01
1889,Ben Wallace,DET,26.0,205.74,108.86208,Virginia Union,USA,Undrafted,Undrafted,Undrafted,80,6.4,13.2,1.5,1.0,0.1159999999999999,0.293,0.105,0.471,0.067,2000-01
2137,Tim Duncan,SAS,25.0,213.36,117.93392,Wake Forest,US Virgin Islands,1997,1,1,82,22.2,12.2,3.0,12.3,0.0969999999999999,0.246,0.287,0.536,0.15,2000-01
2253,Kevin Garnett,MIN,26.0,210.82,99.79024,None,USA,1995,1,5,81,21.2,12.1,5.2,5.8,0.091,0.264,0.261,0.536,0.22,2001-02
2325,Tim Duncan,SAS,26.0,213.36,117.93392,Wake Forest,US Virgin Islands,1997,1,1,82,25.5,12.7,3.7,8.7,0.0969999999999999,0.257,0.291,0.5760000000000001,0.182,2001-02
2454,Danny Fortson,GSW,26.0,203.2,117.93392,Cincinnati,USA,1997,1,10,77,11.2,11.7,1.6,-4.8,0.133,0.299,0.1889999999999999,0.504,0.089,2001-02
2518,Ben Wallace,DET,27.0,205.74,108.86208,Virginia Union,USA,Undrafted,Undrafted,Undrafted,80,7.6,13.0,1.4,3.7,0.127,0.292,0.106,0.522,0.062,2001-02
2633,Elton Brand,LAC,23.0,203.2,120.20188,Duke,USA,1999,1,1,80,18.2,11.6,2.4,-0.2,0.152,0.198,0.212,0.586,0.109,2001-02
2741,Ben Wallace,DET,28.0,205.74,108.86208,Virginia Union,USA,Undrafted,Undrafted,Undrafted,73,6.9,15.4,1.6,5.0,0.12,0.345,0.103,0.486,0.069,2002-03
2942,Tim Duncan,SAS,27.0,213.36,117.93392,Wake Forest,US Virgin Islands,1997,1,1,81,23.3,12.9,3.9,9.1,0.1,0.268,0.2789999999999999,0.564,0.191,2002-03
3007,Kevin Garnett,MIN,27.0,210.82,99.79024,None,USA,1995,1,5,82,23.0,13.4,6.0,6.8,0.086,0.282,0.262,0.5529999999999999,0.249,2002-03
3134,Kevin Garnett,MIN,28.0,210.82,108.86208,None,USA,1995,1,5,82,24.2,13.9,5.0,10.4,0.092,0.298,0.294,0.547,0.233,2003-04
3190,Tim Duncan,SAS,28.0,213.36,117.93392,Wake Forest,US Virgin Islands,1997,1,1,69,22.3,12.4,3.1,11.3,0.103,0.276,0.3,0.534,0.17,2003-04
3391,Ben Wallace,DET,29.0,205.74,108.86208,Virginia Union,USA,Undrafted,Undrafted,Undrafted,81,9.5,12.4,1.7,7.8,0.121,0.254,0.152,0.441,0.075,2003-04
3505,Erick Dampier,GSW,28.0,210.82,120.20188,Mississippi State,USA,1996,1,10,74,12.3,12.0,0.8,-0.5,0.159,0.247,0.178,0.573,0.044,2003-04
3636,Ben Wallace,DET,30.0,205.74,108.86208,Virginia Union,USA,Undrafted,Undrafted,Undrafted,74,9.7,12.2,1.7,7.6,0.126,0.257,0.152,0.4589999999999999,0.075,2004-05
3769,Kevin Garnett,MIN,29.0,210.82,99.79024,None,USA,1995,1,5,82,22.2,13.5,5.7,1.2,0.095,0.303,0.2689999999999999,0.5670000000000001,0.264,2004-05
4022,Dwight Howard,ORL,20.0,210.82,120.20188,None,USA,2004,1,1,82,15.8,12.5,1.5,-0.1,0.122,0.293,0.213,0.565,0.07,2005-06
4256,Shawn Marion,PHX,28.0,200.66,103.418976,Nevada-Las Vegas,USA,1999,1,9,81,21.8,11.8,1.8,7.1,0.086,0.238,0.222,0.591,0.068,2005-06
4364,Kevin Garnett,MIN,30.0,210.82,99.79024,None,USA,1995,1,5,76,21.8,12.7,4.1,0.8,0.092,0.296,0.256,0.589,0.1939999999999999,2005-06
4403,Marcus Camby,DEN,32.0,210.82,104.32616,Massachusetts,USA,1996,1,2,56,12.8,11.9,2.1,2.1,0.083,0.314,0.191,0.499,0.099,2005-06
4588,Dwight Howard,ORL,21.0,210.82,120.20188,None,USA,2004,1,1,82,17.6,12.3,1.9,0.7,0.12,0.288,0.226,0.619,0.092,2006-07
4593,Kevin Garnett,MIN,31.0,210.82,114.758776,None,USA,1995,1,5,76,22.4,12.8,4.1,-0.5,0.077,0.308,0.276,0.546,0.19,2006-07
4715,Marcus Camby,DEN,33.0,210.82,106.59412,Massachusetts,USA,1996,1,2,70,11.2,11.7,3.2,3.2,0.08,0.3,0.159,0.519,0.1369999999999999,2006-07
4813,Tyson Chandler,NOK,24.0,215.9,106.59412,None,USA,2001,1,2,73,9.5,12.4,0.9,-0.9,0.142,0.273,0.122,0.62,0.04,2006-07
4843,Carlos Boozer,UTA,25.0,205.74,120.655472,Duke,USA,2002,2,34,74,20.9,11.7,3.0,2.1,0.113,0.285,0.265,0.588,0.158,2006-07
4899,Dwight Howard,ORL,22.0,210.82,120.20188,None,USA,2004,1,1,82,20.7,14.2,1.3,8.1,0.11,0.314,0.24,0.619,0.059,2007-08
5047,Chris Kaman,LAC,26.0,213.36,120.20188,Central Michigan,USA,2003,1,6,56,15.7,12.7,1.9,-5.1,0.095,0.293,0.218,0.5379999999999999,0.094,2007-08
5250,Marcus Camby,DEN,34.0,210.82,106.59412,Massachusetts,USA,1996,1,2,79,9.1,13.1,3.3,4.9,0.093,0.308,0.129,0.498,0.126,2007-08
5311,Tyson Chandler,NOH,25.0,215.9,106.59412,None,USA,2001,1,2,79,11.8,11.7,1.0,7.8,0.131,0.258,0.145,0.632,0.043,2007-08
5447,Troy Murphy,IND,29.0,210.82,111.13004,Notre Dame,USA,2001,1,14,73,14.3,11.8,2.4,-1.4,0.064,0.3279999999999999,0.1689999999999999,0.614,0.103,2008-09
5689,Dwight Howard,ORL,23.0,210.82,120.20188,None,USA,2004,1,1,79,20.6,13.8,1.4,10.6,0.14,0.295,0.26,0.6,0.072,2008-09
5699,David Lee,NYK,26.0,205.74,108.86208,Florida,USA,2005,1,30,81,16.0,11.7,2.1,-3.3,0.096,0.2769999999999999,0.192,0.59,0.098,2008-09
5881,Zach Randolph,MEM,28.0,205.74,117.93392,Michigan State,USA,2001,1,19,81,20.8,11.7,1.8,-1.8,0.127,0.243,0.247,0.546,0.08,2009-10
5951,David Lee,NYK,27.0,205.74,113.398,Florida,USA,2005,1,30,81,20.2,11.7,3.6,-4.6,0.085,0.2739999999999999,0.239,0.584,0.172,2009-10
5973,Dwight Howard,ORL,24.0,210.82,120.20188,None,USA,2004,1,1,82,18.3,13.2,1.8,11.8,0.123,0.315,0.241,0.63,0.087,2009-10
6122,Marcus Camby,POR,36.0,210.82,106.59412,Massachusetts,USA,1996,1,2,74,7.5,11.8,2.5,2.6,0.124,0.317,0.126,0.501,0.119,2009-10
6255,Blake Griffin,LAC,22.0,208.28,113.851592,Oklahoma,USA,2009,1,1,82,22.5,12.1,3.8,-3.4,0.103,0.2689999999999999,0.273,0.5489999999999999,0.184,2010-11
6371,Zach Randolph,MEM,29.0,205.74,117.93392,Michigan State,USA,2001,1,19,75,20.1,12.2,2.2,4.0,0.144,0.264,0.25,0.552,0.1,2010-11
6462,Kevin Love,MIN,22.0,208.28,117.93392,UCLA,USA,2008,1,5,73,20.2,15.2,2.5,-6.0,0.136,0.336,0.2269999999999999,0.593,0.1159999999999999,2010-11
6634,Dwight Howard,ORL,25.0,210.82,120.20188,None,USA,2004,1,1,78,22.9,14.1,1.4,8.6,0.128,0.301,0.272,0.616,0.067,2010-11
6795,Andrew Bynum,LAL,24.0,213.36,129.27372,None,USA,2005,1,10,60,18.7,11.8,1.4,2.3,0.107,0.258,0.237,0.594,0.074,2011-12
6800,Dwight Howard,ORL,26.0,210.82,120.20188,None,USA,2004,1,1,54,20.6,14.5,1.9,3.6,0.113,0.318,0.261,0.569,0.098,2011-12
7138,Kevin Love,MIN,23.0,208.28,117.93392,UCLA,USA,2008,1,5,55,26.0,13.3,2.0,0.3,0.1159999999999999,0.2689999999999999,0.285,0.568,0.098,2011-12
7322,Kevin Love,MIN,24.0,208.28,117.93392,UCLA,USA,2008,1,5,18,18.3,14.0,2.3,-1.7,0.108,0.337,0.275,0.4579999999999999,0.1169999999999999,2012-13
7347,Nikola Vucevic,ORL,22.0,213.36,108.86208,Southern California,Montenegro,2011,1,16,77,13.1,11.9,1.9,-8.1,0.12,0.287,0.1939999999999999,0.534,0.093,2012-13
7351,Omer Asik,HOU,26.0,213.36,115.66596,None,Turkey,2008,2,36,82,10.1,11.7,0.9,5.9,0.13,0.303,0.1639999999999999,0.5579999999999999,0.046,2012-13
7442,Dwight Howard,LAL,27.0,210.82,120.20188,None,USA,2004,1,1,76,17.1,12.4,1.4,3.4,0.106,0.275,0.2239999999999999,0.573,0.068,2012-13
7553,Anderson Varejao,CLE,30.0,210.82,117.93392,None,Brazil,2004,2,30,25,14.1,14.4,3.4,-7.3,0.1669999999999999,0.304,0.18,0.529,0.157,2012-13
7697,DeAndre Jordan,LAC,25.0,210.82,120.20188,Texas A&M,USA,2008,2,35,82,10.4,13.6,0.9,9.2,0.133,0.289,0.123,0.63,0.036,2013-14
7701,DeMarcus Cousins,SAC,23.0,210.82,122.46984,Kentucky,USA,2010,1,5,71,22.7,11.7,2.9,-1.9,0.109,0.309,0.326,0.555,0.175,2013-14
7930,Kevin Love,MIN,25.0,208.28,110.222856,UCLA,USA,2008,1,5,77,26.1,12.5,4.4,4.4,0.086,0.298,0.284,0.591,0.205,2013-14
8013,Dwight Howard,HOU,28.0,210.82,120.20188,None,USA,2004,1,1,71,18.3,12.2,1.8,7.9,0.1159999999999999,0.28,0.241,0.6,0.091,2013-14
8086,Andre Drummond,DET,20.0,208.28,122.46984,Connecticut,USA,2012,1,9,81,13.5,13.2,0.4,-5.0,0.177,0.2789999999999999,0.1669999999999999,0.599,0.021,2013-14
8456,Pau Gasol,CHI,34.0,213.36,113.398,None,Spain,2001,1,3,78,18.5,11.8,2.7,3.0,0.091,0.267,0.244,0.55,0.142,2014-15
8518,Andre Drummond,DET,21.0,210.82,126.552168,Connecticut,USA,2012,1,9,82,13.8,13.5,0.7,-2.1,0.183,0.302,0.2189999999999999,0.504,0.037,2014-15
8536,DeAndre Jordan,LAC,26.0,210.82,120.20188,Texas A&M,USA,2008,2,35,82,11.5,15.0,0.7,11.2,0.162,0.3229999999999999,0.135,0.638,0.03,2014-15
8539,DeMarcus Cousins,SAC,24.0,210.82,122.46984,Kentucky,USA,2010,1,5,59,24.1,12.7,3.6,0.1,0.11,0.297,0.3389999999999999,0.545,0.2019999999999999,2014-15
8886,Dwight Howard,HOU,30.0,210.82,120.20188,None,USA,2004,1,1,71,13.7,11.8,1.4,0.2,0.1169999999999999,0.293,0.187,0.604,0.071,2015-16
8893,Hassan Whiteside,MIA,27.0,213.36,120.20188,Marshall,USA,2010,2,33,73,14.2,11.8,0.4,3.0,0.13,0.316,0.205,0.629,0.022,2015-16
8954,DeAndre Jordan,LAC,27.0,210.82,120.20188,Texas A&M,USA,2008,2,35,77,12.7,13.8,1.2,10.2,0.115,0.321,0.154,0.628,0.051,2015-16
8956,Andre Drummond,DET,22.0,210.82,126.552168,Connecticut,USA,2012,1,9,81,16.2,14.8,0.8,2.0,0.153,0.3429999999999999,0.24,0.499,0.042,2015-16
9144,Rudy Gobert,UTA,25.0,215.9,111.13004,None,France,2013,1,27,81,14.0,12.8,1.2,8.1,0.138,0.288,0.1669999999999999,0.6809999999999999,0.057,2016-17
9278,Karl-Anthony Towns,MIN,21.0,213.36,110.676448,Kentucky,USA,2015,1,1,82,25.1,12.3,2.7,-0.9,0.114,0.2769999999999999,0.2739999999999999,0.618,0.127,2016-17
9371,DeAndre Jordan,LAC,28.0,210.82,120.20188,Texas A&M,USA,2008,2,35,81,12.7,13.8,1.2,9.7,0.136,0.3429999999999999,0.153,0.6729999999999999,0.054,2016-17
9396,Andre Drummond,DET,23.0,210.82,126.552168,Connecticut,USA,2012,1,9,81,13.6,13.8,1.1,-6.3,0.146,0.373,0.2239999999999999,0.518,0.06,2016-17
9525,Dwight Howard,ATL,31.0,210.82,120.20188,None,USA,2004,1,1,74,13.5,12.7,1.4,-2.0,0.153,0.31,0.191,0.627,0.076,2016-17
9552,Hassan Whiteside,MIA,28.0,213.36,120.20188,Marshall,USA,2010,2,33,77,17.0,14.1,0.7,1.3,0.129,0.349,0.226,0.579,0.037,2016-17
9565,Dwight Howard,CHA,32.0,210.82,120.20188,None,USA,2004,1,1,81,16.6,12.5,1.3,1.4,0.1009999999999999,0.295,0.238,0.5770000000000001,0.069,2017-18
9628,DeMarcus Cousins,NOP,27.0,210.82,122.46984,Kentucky,USA,2010,1,5,48,25.2,12.9,5.4,1.9,0.065,0.292,0.318,0.583,0.241,2017-18
9665,DeAndre Jordan,LAC,29.0,210.82,120.20188,Texas A&M,USA,2008,2,35,77,12.0,15.2,1.5,-2.4,0.132,0.3389999999999999,0.151,0.648,0.074,2017-18
9825,Andre Drummond,DET,24.0,210.82,126.552168,Connecticut,USA,2012,1,9,78,15.0,16.0,3.0,-1.0,0.145,0.3289999999999999,0.207,0.555,0.14,2017-18
10040,Karl-Anthony Towns,MIN,22.0,213.36,112.490816,Kentucky,USA,2015,1,1,82,21.3,12.3,2.4,6.1,0.085,0.272,0.225,0.6459999999999999,0.105,2017-18
10162,Rudy Gobert,UTA,27.0,215.9,111.13004,None,France,2013,1,27,81,15.9,12.9,2.0,6.9,0.1169999999999999,0.27,0.175,0.682,0.095,2018-19
10194,Anthony Davis,NOP,26.0,208.28,114.758776,Kentucky,USA,2012,1,1,56,25.9,12.0,3.9,3.4,0.089,0.249,0.288,0.597,0.186,2018-19
10203,Andre Drummond,DET,25.0,210.82,126.552168,Connecticut,USA,2012,1,9,79,17.3,15.6,1.4,3.3,0.151,0.311,0.226,0.555,0.068,2018-19
10397,Clint Capela,HOU,25.0,208.28,108.86208,None,Switzerland,2014,1,25,67,16.6,12.7,1.4,5.4,0.13,0.241,0.18,0.6579999999999999,0.07,2018-19
10405,DeAndre Jordan,NYK,30.0,210.82,120.20188,Texas A&M,USA,2008,2,35,69,11.0,13.1,2.3,-5.1,0.105,0.315,0.148,0.674,0.119,2018-19
10504,Nikola Vucevic,ORL,28.0,213.36,117.93392,USC,Montenegro,2011,1,16,80,20.8,12.0,3.8,4.0,0.088,0.286,0.276,0.573,0.208,2018-19
10594,Karl-Anthony Towns,MIN,23.0,213.36,112.490816,Kentucky,USA,2015,1,1,77,24.4,12.4,3.4,0.9,0.0969999999999999,0.257,0.28,0.622,0.1689999999999999,2018-19
10890,Rudy Gobert,UTA,28.0,215.9,117.026736,None,France,2013,1,27,68,15.1,13.5,1.5,6.2,0.104,0.276,0.162,0.6990000000000001,0.065,2019-20
10918,Clint Capela,ATL,26.0,208.28,108.86208,None,Switzerland,2014,1,25,39,13.9,13.8,1.2,2.5,0.118,0.265,0.156,0.626,0.0559999999999999,2019-20
10976,Andre Drummond,CLE,26.0,208.28,126.552168,Connecticut,USA,2012,1,9,57,17.7,15.2,2.7,-5.0,0.129,0.336,0.253,0.5529999999999999,0.133,2019-20
11063,Domantas Sabonis,IND,24.0,210.82,108.86208,Gonzaga,Lithuania,2016,1,11,62,18.5,12.4,5.0,3.1,0.089,0.262,0.2289999999999999,0.586,0.215,2019-20
11078,Joel Embiid,PHI,26.0,213.36,127.00576,Kansas,Cameroon,2014,1,3,51,23.0,11.6,3.0,5.2,0.091,0.2789999999999999,0.315,0.59,0.178,2019-20
11144,Hassan Whiteside,POR,31.0,213.36,120.20188,Marshall,USA,2010,2,33,67,15.5,13.5,1.2,2.7,0.123,0.294,0.192,0.644,0.0579999999999999,2019-20
11245,Jonas Valanciunas,MEM,29.0,210.82,120.20188,None,Lithuania,2011,1,5,62,17.1,12.5,1.8,3.8,0.134,0.289,0.217,0.636,0.0969999999999999,2020-21
11311,Rudy Gobert,UTA,29.0,215.9,117.026736,None,France,2013,1,27,71,14.3,13.5,1.3,15.9,0.11,0.288,0.166,0.6829999999999999,0.059,2020-21
11421,Nikola Vucevic,CHI,30.0,210.82,117.93392,Southern California,Montenegro,2011,1,16,70,23.4,11.7,3.8,-7.0,0.059,0.289,0.292,0.56,0.207,2020-21
11469,Clint Capela,ATL,27.0,208.28,108.86208,None,Switzerland,2014,1,25,63,15.2,14.3,0.8,6.6,0.155,0.301,0.193,0.601,0.039,2020-21
11532,Andre Drummond,LAL,27.0,208.28,126.552168,Connecticut,USA,2012,1,9,46,14.9,12.0,2.0,-3.9,0.132,0.336,0.2689999999999999,0.519,0.124,2020-21
11669,Domantas Sabonis,IND,25.0,210.82,108.86208,Gonzaga,Lithuania,2016,1,11,62,20.3,12.0,6.7,-1.9,0.066,0.259,0.239,0.601,0.283,2020-21
11743,Domantas Sabonis,SAC,26.0,210.82,108.86208,Gonzaga,Lithuania,2016,1,11,62,18.9,12.1,5.2,-0.6,0.092,0.264,0.221,0.637,0.239,2021-22
11778,Jaylen Hoard,OKC,23.0,203.2,97.975872,Wake Forest,France,Undrafted,Undrafted,Undrafted,7,14.7,12.0,2.4,-17.2,0.1119999999999999,0.228,0.184,0.536,0.113,2021-22
11979,Clint Capela,ATL,28.0,208.28,116.119552,None,Switzerland,2014,1,25,74,11.1,11.9,1.2,3.3,0.133,0.284,0.149,0.604,0.062,2021-22
12013,Rudy Gobert,UTA,30.0,215.9,117.026736,None,France,2013,1,27,66,15.6,14.7,1.1,9.6,0.114,0.312,0.166,0.732,0.052,2021-22
